"","type","doy","site","sedDepth","ch4_ppm","omit","ch4_sedvol","X","bulk_density","porosity","orgmatter","pch4_head","tKH_ch4","ch4_head","ch4_aq","vol_poresol","vol_porewater","ch4_tot_umol","ch4_porewater"
"1","Core",146,"S0",1,1761.79754,"",3,NA,0.2793,0.818866666666667,18.3456183456184,0.0017441795646,0.00142,71.2546519452172,2.476734981732,69.4566,2.4566,1.54758393020187,884.726483219181
"2","Core",146,"S0",5,1620.96378,"",3,NA,0.2081,0.830333333333334,22.4828017510945,0.0016047541422,0.00142,65.5587304087754,2.278750881924,69.491,2.491,1.42395226807281,802.645982757603
"3","Core",146,"S0",10,1348.13212,"",3,NA,0.296966666666667,0.804666666666667,18.1295600265311,0.0013346507988,0.00142,54.524247426732,1.895204134296,69.414,2.414,1.18413456562674,689.066050788101
"4","Core",146,"S0",15,1610.5016,"",3,NA,0.341833333333333,0.771466666666666,20.3341013824885,0.001594396584,0.00142,65.1355949590073,2.26404314928,69.3144,2.3144,1.414361828661,858.957786658914
"5","Core",146,"S0",20,738.60281,"",3,NA,0.322733333333333,0.774733333333333,16.8623047871797,0.0007312167819,0.00142,29.8722667942364,1.038327830298,69.3242,2.3242,0.648660025451913,392.254969492272
"6","Core",146,"Y0",1,109.44255,"",3,NA,0.2109,0.944,27.0377418331748,0.0001083481245,0.00142,4.42632631229978,0.15385433679,69.832,2.832,0.0961933955569149,47.5990372746389
"7","Core",146,"Y0",5,526.9211,"",3,NA,0.155266666666667,0.941933333333333,23.9650021340162,0.000521651889,0.00142,21.3109501691613,0.74074568238,69.8258,2.8258,0.463127249604356,229.678611389902
"8","Core",146,"Y0",10,635.25603,"",3,NA,0.1956,0.8777,23.6522911051213,0.0006289034697,0.00142,25.6924795761438,0.893042926974,69.6331,2.6331,0.55817408042167,297.403887529358
"9","Core",146,"Y0",15,566.578,"",3,NA,0.114566666666667,0.884933333333334,37.774647887324,0.00056091222,0.00142,22.9148453628884,0.7964953524,69.6548,2.6548,0.49784672468212,263.059298646523
"10","Core",146,"Y0",20,906.26825,"",3,NA,0.269766666666667,0.819466666666667,27.542269051703,0.0008972055675,0.00142,36.6533765978304,1.27403190585,69.4584,2.4584,0.796079111568899,454.766424993607
"11","Core",146,"Y1",1,768.82207,"",3,NA,0.2717,0.903966666666667,16.7134317433207,0.0007611338493,0.00142,31.0944633318374,1.080810066006,69.7119,2.7119,0.675618388557033,349.360940162445
"12","Core",146,"Y1",5,1132.24197,"",3,NA,0.292066666666667,0.866266666666667,17.0566293658867,0.0011209195503,0.00142,45.7927234307053,1.591705761426,69.5988,2.5988,0.994801164333923,537.148057204202
"13","Core",146,"Y1",15,1396.58743,"",1.5,NA,0.213233333333333,0.726173333333333,30.7963787018567,0.0013826215557,0.00142,56.483988072611,1.963322609094,69.58926,1.08926,1.22703947677846,1580.81690053909
"14","Core",146,"Y1",20,1100.50908,"",2,NA,0.379933333333333,0.74668,13.212480390448,0.0010895039892,0.00142,44.5093092013008,1.547095664664,69.49336,1.49336,0.966757146711671,908.969370241747
"15","Core",150,"G1",1,13.95987,"",3,NA,1.412,0.312633333333333,1.37384724521165,1.38202713e-05,0.00142,0.564597041071177,0.019624785246,67.9379,0.9379,0.0122327118140678,18.4841430946098
"16","Core",150,"G1",5,111.41019,"",3,NA,1.4168,0.297833333333333,0.864512471655328,0.0001102960881,0.00142,4.50590611654533,0.156620445102,67.8935,0.8935,0.0976192236183993,154.878956625878
"17","Core",150,"G1",10,605.26663,"",3,NA,1.4519,0.324533333333333,0.95452768130274,0.0005992139637,0.00142,24.4795795632139,0.850883828454,67.9736,0.9736,0.530411551696999,771.916582212502
"18","Core",150,"G2",1,38.69443,"",3,NA,1.4489,0.369566666666667,1.26838700766558,3.83074857e-05,0.00142,1.56496877721181,0.054396629694,68.1087,1.1087,0.0339163266831959,43.3085587911173
"19","Core",150,"G2",5,486.71581,"",3,NA,1.4056,0.387033333333333,1.59732276362947,0.0004818486519,0.00142,19.6848757308314,0.684225085698,68.1611,1.1611,0.426650547391438,520.047334827446
"20","Core",150,"G2",10,444.01025,"",3,NA,1.1339,0.381266666666667,0.863797169811324,0.0004395701475,0.00142,17.9576796456753,0.62418960945,68.1438,1.1438,0.389204452632946,481.630176444934
"21","Core",150,"G2",15,39.2539,"",3,NA,1.3968,0.4227,0.877256058100236,3.8861361e-05,0.00142,1.58759614455607,0.05518313262,68.2681,1.2681,0.0344155078547367,38.384712512117
"22","Core",152,"CFL1",1,6.01437,"",2,NA,2.07,0.5,2.37806945318931,5.9542263e-06,0.00142,0.243246928940403,0.008455001346,69,1,0.00527923364476205,7.43402288752207
"23","Core",152,"CFL1",5,29.11557,"",3,NA,1.44,0.453333333333333,1.3953811264868,2.88244143e-05,0.00142,1.17755857834641,0.040930668306,68.36,1.36,0.0255305786862064,26.5361254894217
"24","Core",152,"PB1",1,1781.70874,"",3,NA,0.96,0.633333333333333,3.04719692510129,0.0017638916526,0.00142,72.0599463071401,2.504726146692,68.9,1.9,1.56368003471604,1159.59051116064
"25","Core",152,"PB1",5,331.12927,"",3,NA,1.32333333333333,0.46,NA,0.0003278179773,0.00142,13.3922884707421,0.465501527766,68.38,1.38,0.290366733328162,297.393179972855
"26","Core",152,"PB1",10,2044.18285,"",2.5,NA,1.44333333333333,0.426666666666666,2.98252892638177,0.0020237410215,0.00142,82.6755255255562,2.87371225053,68.5666666666667,1.06666666666666,1.79307713547853,2373.25819385682
"27","Core",152,"PB1",15,3212.60593,"",3,NA,0.478183333333333,0.710666666666667,NA,0.0031804798707,0.00142,129.931568288653,4.516281416394,69.132,2.132,2.82052530432333,1861.47615798327
"28","Core",152,"PB1",20,1797.77497,"",3,NA,0.602166666666667,0.765166666666667,NA,0.0017797972203,0.00142,72.7097335844692,2.527312052826,69.2955,2.2955,1.57877978298947,966.811964126242
"29","Core",152,"PB2",1,208.69848,"",2.1,NA,1.02,0.184,0.510084884354788,0.0002066114952,0.00142,8.44066200358974,0.293388323184,68.2864,0.386400000000001,0.182979906000387,669.692865710653
"30","Core",152,"PB2",5,31.84324,"",2.25,NA,1.315,0.245,0.92262130761638,3.15248076e-05,0.00142,1.28787725688845,0.044765226792,68.30125,0.55125,0.0279197615483561,71.6198462145368
"31","Core",152,"PB2",10,418.9598,"",3,NA,1.32666666666667,0.513333333333333,3.10470219435737,0.000414770202,0.00142,16.9445319625306,0.58897368684,68.54,1.54,0.367479422009826,336.94315017409
"32","Core",159,"G1",1,1.94854,"",2,NA,1.29216666666667,0.596166666666666,1.26660647491294,1.9290546e-06,0.00142,0.0788073182922786,0.002739257532,69.1923333333333,1.19233333333333,0.00171089683544556,2.0183045116692
"33","Core",159,"G1",5,0.58483,"",3,NA,1.1959,0.489433333333333,1.40758703347547,5.789817e-07,0.00142,0.0236530345576038,0.000822154014,68.4683,1.4683,0.000512909098548832,0.493466144213832
"34","Core",159,"G1",10,0.14565,"",3,NA,1.30176666666667,0.443566666666667,1.18556833021792,1.441935e-07,0.00142,0.00589071094730946,0.00020475477,68.3307,1.3307,0.000127710160308628,0.135686949135538
"35","Core",159,"G1",15,0.59391,"",3,NA,1.21983333333333,0.421499999999999,1.04112583686296,5.879709e-07,0.00142,0.0240202687175871,0.000834918678,68.2645,1.2645,0.000520702306886073,0.582421998504008
"36","Core",159,"G1",20,0.2747,"",3,NA,1.28683333333333,0.402833333333334,1.34179510426108,2.71953e-07,0.00142,0.0111100466682177,0.00038617326,68.2085,1.2085,0.000240817766969064,0.28194003573885
"37","Core",159,"G2",1,44.93327,"",2,NA,0.9166,0.409,1.37900938250055,4.44839373e-05,0.00142,1.8172942360962,0.063167190966,68.818,0.817999999999999,0.0394295806505023,67.9502280163773
"38","Core",159,"G2",5,121.46583,"",3,NA,1.34605,0.45195,2.02444188551688,0.0001202511717,0.00142,4.91259934435311,0.170756663814,68.35585,1.35585,0.106509070508952,111.045666624479
"39","Core",159,"G2",10,90.3668,"",3,NA,1.19436666666667,0.331966666666666,1.31450420027352,8.9463132e-05,0.00142,3.65482113308153,0.12703764744,67.9959,0.995899999999999,0.0791937088843961,112.655795113059
"40","Core",159,"G2",15,0.53278,"",3,NA,1.28446666666667,0.354533333333332,1.11070742720716,5.274522e-07,0.00142,0.0215479092242193,0.000748982124,68.0636,1.0636,0.000466956961699472,0.621723302353827
"41","Core",159,"S0",1,1.92668,"",3,NA,0.1857,0.6463,14.7549811523963,1.9074132e-06,0.00142,0.0779232060965479,0.002708526744,68.9389,1.9389,0.0016910164414029,1.22857752278665
"42","Core",159,"S0",5,0.80538,"",3,NA,0.249466666666667,0.589866666666666,14.0299305184393,7.973262e-07,0.00142,0.0325730228818682,0.001132203204,68.7696,1.7696,0.000706677555015161,0.563110328031896
"43","Core",159,"S0",10,0.49945,"",2,NA,0.333933333333334,0.733733333333333,13.2361748852066,4.944555e-07,0.00142,0.0201999010136197,0.00070212681,69.4674666666667,1.46746666666667,0.000438730454841842,0.419847265405086
"44","Core",159,"S0",15,0.3697,"",1,NA,0.192533333333333,0.771466666666666,61.3919667590027,3.66003e-07,0.00142,0.0149522542891885,0.00051972426,69.7714666666667,0.771466666666666,0.000324912524466219,0.59040047773389
"45","Core",159,"S0",20,0.17733,"",1.5,NA,0.189550000000001,0.84695,60.8282774993406,1.755567e-07,0.00142,0.00717198607817636,0.000249290514,69.770425,1.270425,0.000155847016393776,0.171968728466789
"46","Core",159,"Y0",1,1.63288,"",3,NA,0.139266666666667,0.803066666666667,26.232647199617,1.6165512e-06,0.00142,0.0660406734750613,0.002295502704,69.4092,2.4092,0.0014342324217037,0.836288063273124
"47","Core",159,"Y0",5,0.82677,"",3,NA,0.1885,0.861,24.4031830238726,8.185023e-07,0.00142,0.0334381262609478,0.001162273266,69.583,2.583,0.000726391520567034,0.394654181460808
"48","Core",159,"Y0",10,0.38503,"",3,NA,0.190866666666667,0.760133333333333,29.0778903248341,3.811797e-07,0.00142,0.015572265266341,0.000541275174,69.2804,2.2804,0.000338119562411609,0.208446893953713
"49","Core",159,"Y0",15,0.40027,"",3,NA,0.211966666666666,0.8037,29.9889919798711,3.962673e-07,0.00142,0.0161886362573262,0.000562699566,69.4111,2.4111,0.000351576329672106,0.204837190038672
"50","Core",159,"Y0",20,0.42514,"",3,NA,0.254266666666667,0.889066666666666,25.2490823282643,4.208886e-07,0.00142,0.0171944857682056,0.000597661812,69.6672,2.6672,0.000373573904113078,0.196462482512659
"51","Core",159,"Y1",1,2.18959,"",3,NA,0.285533333333333,0.811133333333333,14.4875087555452,2.1676941e-06,0.00142,0.0885564145768577,0.003078125622,69.4334,2.4334,0.00192329050665973,1.11014404701579
"52","Core",159,"Y1",5,0.68351,"",3,NA,0.3268,0.8212,14.9020807833537,6.766749e-07,0.00142,0.0276440771685238,0.000960878358,69.4636,2.4636,0.000600410046119245,0.342254621031224
"53","Core",159,"Y1",10,0.32894,"",2.5,NA,0.3976,0.782733333333333,14.7971160295104,3.256506e-07,0.00142,0.0133037449983383,0.000462423852,69.4568333333333,1.95683333333333,0.000288944919344488,0.207371895984463
"54","Core",159,"Y1",15,0.49782,"",2,NA,0.2642,0.702466666666666,32.0464294726217,4.928418e-07,0.00142,0.020133976819702,0.000699835356,69.4049333333333,1.40493333333333,0.00043725485550153,0.437218920816668
"55","Core",159,"Y1",20,0.2618,"",2.5,NA,0.31872,0.67808,31.1495983935743,2.59182e-07,0.00142,0.0105883153175806,0.00036803844,69.1952,1.6952,0.0002298720310151,0.190729744827103
"56","Core",159,"Y2",1,3.68534,"",2,NA,0.6384,0.434266666666667,0.965956558061819,3.6484866e-06,0.00142,0.149050962461775,0.005180850972,68.8685333333333,0.868533333333334,0.00323419983765571,5.24773491942343
"57","Core",159,"Y2",5,5.08459,"",3,NA,1.22696,0.394240000000001,0.505313946664908,5.0337441e-06,0.00142,0.2056426362896,0.007147916622,68.18272,1.18272,0.00445725879097317,5.33296727555906
"58","Core",159,"Y2",10,46.8245,"",3,NA,1.3258,0.314999999999999,0.256448936491167,4.6356255e-05,0.00142,1.89378369208577,0.0658258821,67.945,0.944999999999998,0.0410316957589998,61.5321141971042
"59","Core",166,"CFL1",1,37.72335,"",1.5,NA,1.90466666666667,0.402000000000001,0.887049083382617,3.73461165e-05,0.00142,1.52569413535315,0.05303148543,69.103,0.603000000000002,0.0331178877361323,77.2919372963889
"60","Core",166,"CFL1",5,256.48192,"",2.5,NA,1.587,0.292,0.81844527244354,0.0002539171008,0.00142,10.3732293438445,0.360562283136,68.23,0.73,0.224854505792539,435.749446295432
"61","Core",166,"CFL2",1,36.31524,"",2,0.4255,1.543,0.4255,1.43388897879915,3.59520876e-05,0.00142,1.46874412510931,0.051051964392,68.851,0.850999999999999,0.0318688220146997,52.7804689613161
"62","Core",166,"CFL2",5,53.87354,"",2,0.409,2.267,0.409000000000001,0.484581497797362,5.33348046e-05,0.00142,2.17887711533343,0.075735422532,68.818,0.818000000000001,0.0472747941638358,81.4701295287303
"63","Core",166,"PB0",1,1165.32513,"",3,0.932,0.278666666666666,0.932,15.1221222391025,0.0011536718787,0.00142,47.1307483725769,1.638214067754,69.796,2.796,1.02419147516942,513.428609908143
"64","Core",166,"PB0",5,1691.61493,"",3,0.909333333,0.235333333333333,0.909333333333334,16.3254012174876,0.0016746987807,0.00142,68.4161660609896,2.378072268594,69.728,2.728,1.48658009899243,764.099937844752
"65","Core",166,"PB0",10,2341.6552,"",3,0.766,0.320666666666667,0.766,13.5375191424196,0.002318238648,0.00142,94.7065837381678,3.29189888016,69.298,2.298,2.05641570575748,1257.9178734496
"66","Core",166,"PB0",15,1715.21692,"",3,0.894666667,0.385,0.894666666666666,15.727380750297,0.0016980647508,0.00142,69.3707318067588,2.411251946136,69.684,2.684,1.507215277827,787.606506354861
"67","Core",166,"PB0",20,2585.80272,"",3,0.733333333,0.299333333333334,0.733333333333334,19.774937179067,0.0025599446928,0.00142,104.580957022222,3.635121463776,69.2,2.2,2.27046711646221,1451.55510402056
"68","Core",166,"PB1",1,1804.57975,"",3,0.642,0.782666666666667,0.642,3.19640510407392,0.0017865339525,0.00142,72.984948085259,2.53687821255,68.926,1.926,1.5838182651324,1158.49037260666
"69","Core",166,"PB1",5,2098.72049,"",3,0.617,0.761333333333333,0.617,4.68016686945941,0.0020777332851,0.00142,84.8812616943748,2.950381264842,68.851,1.851,1.84175430905629,1402.36824764514
"70","Core",166,"PB1",10,2027.59667,"",3,0.830545455,0.44,0.830545454545455,10.5155816609561,0.0020073207033,0.00142,82.0047092392531,2.850395398686,69.4916363636364,2.49163636363636,1.78116491734941,1003.73760920713
"71","Core",166,"PB1",15,1704.95649,"",3,0.754,0.621666666666667,0.754000000000001,7.44686489637994,0.0016879069251,0.00142,68.955755992649,2.396827833642,69.262,2.262,1.49718765259385,930.607662950914
"72","Core",166,"PB1",20,511.98736,"",2.5,0.740333333,0.579333333333333,0.740333333333334,9.98184088071728,0.0005068674864,0.00142,20.7069656466603,0.719751830688,69.3508333333333,1.85083333333333,0.449659665570851,341.408094868495
"73","Core",166,"PB2",1,383.12491,"",3,0.726666667,0.502666666666667,0.726666666666667,3.23776733099385,0.0003792936609,0.00142,15.4952152524817,0.538596998478,69.18,2.18,0.336392505434781,217.061025832629
"74","Core",166,"PB2",5,229.78555,"",2.5,0.3344,0.93,0.334399999999999,1.85232827373294,0.0002274876945,0.00142,9.29351359367337,0.32303252619,68.336,0.835999999999999,0.201484372059387,340.732794309706
"75","Core",166,"PB2",10,57.10448,"",1.5,0.309666667,1.54766666666667,0.309666666666666,0.528666681052168,5.65334352e-05,0.00142,2.30955019207974,0.080277477984,68.9645,0.464499999999999,0.0501217504123424,151.979418682859
"76","Core",173,"G1",1,14.3161,"",2,0.3412,1.1596,0.341199999999999,2.36019708507047,1.4172939e-05,0.00142,0.579004510764003,0.02012557338,68.6824,0.682399999999998,0.0125598514287946,25.9668318742129
"77","Core",173,"G1",5,451.28499,"",3,0.4076,1.4356,0.407600000000001,1.87956255419125,0.0004467721401,0.00142,18.2519013453446,0.634416438942,68.2228,1.2228,0.395631363958704,457.733185131154
"78","Core",173,"G1",10,322.96824,"",2.75,0.5405,1.963,0.5405,1.70833545496209,0.0003197385576,0.00142,13.0622214006266,0.454028751792,68.736375,1.486375,0.28337214352065,268.88226915843
"79","Core",173,"G2",1,39.07102,"",2,NA,0.9472,0.260799999999999,1.89849386153651,3.86803098e-05,0.00142,1.58019969266424,0.054926039916,68.5216,0.521599999999998,0.034269093191673,92.7806502308475
"80","Core",173,"G2",5,166.34574,"",2,NA,1.2892,0.3592,1.5011475714906,0.0001646822826,0.00142,6.72773547309505,0.233848841292,68.7184,0.7184,0.145947450851501,286.556465964608
"81","Core",173,"G2",10,382.36976,"",2.5,NA,1.20433333333333,0.324333333333333,2.11168075377581,0.0003785460624,0.00142,15.464673746324,0.537535408608,68.3108333333333,0.810833333333332,0.335262258462507,584.652924700026
"82","Core",173,"S0",1,380.04675,"",3,NA,0.208666666666666,0.865333333333333,18.5585013494205,0.0003762462825,0.00142,15.3707212544757,0.53426972115,69.596,2.596,0.333912066179669,180.494948939669
"83","Core",173,"S0",5,1730.26603,"",3,NA,0.283333333333333,0.830333333333334,13.9344262295082,0.0017129633697,0.00142,69.9793823870833,2.432407984974,69.491,2.491,1.51996995132601,856.768729330551
"84","Core",173,"S0",10,2364.7864,"",3,NA,0.305666666666667,0.804666666666667,14.9994569349408,0.002341138536,0.00142,95.6421087162962,3.32441672112,69.414,2.414,2.07711490218335,1208.70499369558
"85","Core",173,"S0",15,2617.80442,"",3,NA,0.420333333333333,0.85,12.8448344004427,0.0025916263758,0.00142,105.875243081422,3.680109453636,69.55,2.55,2.2998542850561,1265.9414378477
"86","Core",173,"S0",20,1785.07522,"",3,NA,0.383333333333333,0.763,13.2640692640693,0.0017672244678,0.00142,72.1961012030542,2.509458744276,69.289,2.289,1.5676107361077,962.734916144682
"87","Core",173,"Y0",1,142.35265,"",2.5,NA,0.197,0.974,32.3160393353679,0.0001409291235,0.00142,5.75735196521464,0.20011935537,69.935,2.435,0.125139999314694,71.9758343100496
"88","Core",173,"Y0",5,1143.71046,"",3,NA,0.226666666666667,0.949333333333334,32.0877817319099,0.0011322733554,0.00142,46.2565583746951,1.607828164668,69.848,2.848,1.00527818584627,494.598176243635
"89","Core",173,"Y0",10,1731.39264,"",3,NA,0.244,0.931666666666666,31.1428179448484,0.0017140787136,0.00142,70.0249473294819,2.433991773312,69.795,2.795,1.52169956694171,763.107425774453
"90","Core",173,"Y0",15,2478.52687,"",3,NA,0.301,0.885666666666666,26.9239348650457,0.0024537416013,0.00142,100.242261354684,3.484313073846,69.657,2.657,2.17786576140164,1149.80406796461
"91","Core",173,"Y0",20,2353.73326,"",3,NA,0.282333333333334,0.898333333333333,33.3690348684993,0.0023301959274,0.00142,95.1950723084682,3.308878216908,69.695,2.695,2.06833614915861,1076.34446125528
"92","Core",173,"Y1",1,48.12266,"",3,NA,0.2508,0.6252,16.4124563075945,4.76414334e-05,0.00142,1.94628685256197,0.067650835428,68.8756,1.8756,0.0422322122232842,31.7304989036406
"93","Core",173,"Y1",5,134.29928,"",3,NA,0.370333333333334,0.795333333333333,13.4591194968554,0.0001329562872,0.00142,5.43163912744098,0.188797927824,69.386,2.386,0.117956757012336,69.4576977968237
"94","Core",173,"Y1",10,1013.35909,"",3,NA,0.398333333333333,0.663333333333333,14.0068407441395,0.0010032254991,0.00142,40.9845896671374,1.424580208722,68.99,1.99,0.889481977768038,629.452238188462
"95","Core",173,"Y1",15,794.84689,"",1.5,NA,0.556999999999999,0.947500000000001,22.9628305932809,0.0007868984211,0.00142,32.1470187185574,1.117395757962,69.92125,1.42125,0.698722167353308,688.585346463194
"96","Core",173,"Y1",20,606.59729,"",2.5,NA,0.327,0.532,24.0543014032947,0.0006005313171,0.00142,24.5333971631394,0.852754470282,68.83,1.33,0.532307944046658,564.160079526044
"97","Core",173,"Y2",1,313.43305,"",3,NA,0.9236,0.4816,1.92582334357555,0.0003102987195,0.00142,12.6765774039382,0.44062418169,68.4448,1.4448,0.274877498435899,268.7972048737
"98","Core",173,"Y2",5,372.62397,"",3,NA,1.296,0.4075,1.57304237190114,0.0003688977303,0.00142,15.0705121820042,0.523834777026,68.2225,1.2225,0.326670866175221,378.041471110052
"99","Core",173,"Y2",10,156.86982,"",1.5,NA,1.53,0.408666666666666,1.10955792416564,0.0001553011218,0.00142,6.34448860951916,0.220527592956,69.113,0.613,0.137720543863231,316.156078590127
"100","Core",173,"Y2",15,575.22046,"",3,NA,0.994666666666667,0.317,1.33940530404501,0.0005694682554,0.00142,23.2643835278983,0.808644922668,67.951,0.951000000000001,0.504063003244819,751.108176116972
"101","Core",173,"Y2",20,689.54627,"",3,NA,0.3928,0.5276,4.16666666666666,0.0006826508073,0.00142,27.8882098274316,0.969364146366,68.5828,1.5828,0.604858620998701,539.461560282043
"102","Core",183,"CFL1",1,4.59749,"",2.5,NA,1.572,0.325200000000001,1.21098973181623,4.5515151e-06,0.00142,0.185942222266706,0.006463151442,68.313,0.813000000000002,0.00403109868095147,7.01087519963767
"103","Core",183,"CFL1",5,30.40321,"",3,NA,1.33533333333333,0.296333333333333,2.27437273748597,3.00991779e-05,0.00142,1.22963626488396,0.042740832618,67.889,0.888999999999999,0.0266395410309226,42.4804022464751
"104","Core",183,"CFL2",1,18.64752,"",2,NA,1.521,0.333499999999999,1.11619455530678,1.84610448e-05,0.00142,0.754185720591639,0.026214683616,68.667,0.666999999999998,0.0163595044193726,34.6065103135365
"105","Core",183,"PB0",1,653.4867,"",2.5,NA,0.125333333333334,0.985999999999999,21.913457721318,0.000646951833,0.00142,26.4298060941376,0.91867160286,69.965,2.465,0.574497548519651,326.35194317302
"106","Core",183,"PB0",5,1108.63315,"",1.5,NA,0.292,0.944,15.3535980148883,0.0010975468185,0.00142,44.8378814504303,1.55851648227,69.916,1.416,0.974552537737596,964.003922471981
"107","Core",183,"PB0",10,1259.83935,"",1.5,NA,0.338000000000001,0.814,14.2605633802817,0.0012472409565,0.00142,50.9533089659886,1.77108215823,69.721,1.221,1.10712615530913,1271.46731298413
"108","Core",183,"PB0",15,1094.52289,"",2,NA,0.3192,0.512,10.604347279809,0.0010835776611,0.00142,44.2672019924737,1.538680278762,69.024,1.024,0.960776301835502,1321.03311838282
"109","Core",183,"PB0",20,903.42979,"",2.5,NA,0.644,0.511,6.42477467067253,0.0008943954921,0.00142,36.5385770963165,1.270041598782,68.7775,1.2775,0.792720996010918,874.956174403755
"110","Core",183,"PB1",1,535.246,"",3,NA,0.778,0.640666666666667,6.2567781763577,0.00052989354,0.00142,21.6476448452015,0.7524488268,68.922,1.922,0.46976419840874,344.334231916575
"111","Core",183,"PB1",5,1278.94398,"",2,NA,0.623,0.685,8.86075949367089,0.0012661545402,0.00142,51.7259821763236,1.797939447084,69.37,1.37,1.12328391402901,1152.066477266
"112","Core",183,"PB1",10,1491.46002,"",2,NA,0.628666666666666,0.721333333333334,10.7697147651007,0.0014765454198,0.00142,60.3210426864977,2.096694496116,69.4426666666667,1.44266666666667,1.31008702080325,1275.43593907299
"113","Core",183,"PB1",15,966.02271,"",2,NA,0.449999999999999,0.553333333333333,10.3630751139203,0.0009563624829,0.00142,39.070103351504,1.358034725718,69.1066666666667,1.10666666666667,0.848090625627672,1078.4621901577
"114","Core",183,"PB1",20,1261.27427,"",2,NA,0.625,0.789999999999999,9.99293508124656,0.0012486615273,0.00142,51.0113432876674,1.773099368766,69.58,1.58,1.10813713245677,984.270169121147
"115","Core",183,"PB2",1,382.3253,"",1.5,NA,0.971333333333334,0.528,3.18746264692211,0.000378502047,0.00142,15.4628755931574,0.53747290674,69.292,0.792,0.335750626382176,595.934195974436
"116","Core",183,"PB2",5,494.97587,"",1.5,NA,1.0292,0.3504,2.48454316464393,0.0004900261113,0.00142,20.0189479990596,0.695837078046,69.0256,0.5256,0.434492790234643,1163.89684444505
"117","Core",183,"PB2",10,295.00633,"",1.5,NA,1.654,0.4255,1.17880555722618,0.0002920562667,0.00142,11.9313217827435,0.414719898714,69.13825,0.638249999999999,0.259005045717853,570.97369208771
"118","Core",187,"G1",1,130.94514,"",2,NA,1.5385,0.486499999999999,0.0326637269312248,0.0001296356886,0.00142,5.29598331407463,0.184082677812,68.973,0.972999999999999,0.11493474726198,166.364596917301
"119","Core",187,"G1",5,529.77367,"",2.5,NA,0.88,0.2988,2.90197167453483,0.0005244759333,0.00142,21.4263203396177,0.744755825286,68.247,0.747,0.464458641094927,879.507802700719
"120","Core",187,"G1",10,482.14517,"",1.5,NA,1.294,0.398499999999999,2.59655079285464,0.0004773237183,0.00142,19.5000194377713,0.677799679986,69.09775,0.597749999999999,0.423278827993458,996.573367571657
"121","Core",187,"S0",1,433.79366,"",1.5,NA,0.279333333333332,0.740000000000001,15.2086771987739,0.0004294557234,0.00142,17.5444769092718,0.609827127228,69.61,1.11,0.381143061967217,481.800722092465
"122","Core",187,"S0",5,1065.56388,"",2,NA,0.257333333333333,0.635333333333334,16.4446721311475,0.0010549082412,0.00142,43.0959753722866,1.497969702504,69.2706666666667,1.27066666666667,0.935725473334573,1035.32748619005
"123","Core",187,"S0",10,1010.38943,"",2,NA,0.2325,0.484,14.8785207482262,0.0010002855357,0.00142,40.8644838746774,1.420405460694,68.968,0.968,0.886844092092813,1290.34898789227
"124","Core",187,"S0",15,1453.18428,"",2,NA,0.291999999999999,0.724,14.5558086560364,0.0014386524372,0.00142,58.7730075293788,2.042886460824,69.448,1.448,1.2764768003024,1238.09901125275
"125","Core",187,"S0",20,949.57506,"",2,NA,0.374666666666666,0.601333333333334,12.5597028126658,0.0009400793094,0.00142,38.4048898127981,1.334912619348,69.2026666666667,1.20266666666667,0.833779056894868,975.079210165994
"126","Core",187,"Y0",1,165.55205,"",1.5,NA,0.140666666666667,0.642666666666667,30.2303714151387,0.0001638965295,0.00142,6.69563524397201,0.23273307189,69.464,0.964,0.145424613547407,211.85144909985
"127","Core",187,"Y0",5,592.23283,"",1,NA,0.152666666666666,0.707333333333333,33.677863910422,0.0005863105017,0.00142,23.9524367664749,0.832560912414,69.7073333333333,0.707333333333333,0.520433118123164,1031.80779515089
"128","Core",187,"Y0",10,427.53689,"",1.5,NA,0.158,0.661999999999999,34.3068696009872,0.0004232615211,0.00142,17.2914262842543,0.601031359962,69.493,0.992999999999999,0.375575370783686,531.06189087398
"129","Core",187,"Y0",15,836.25708,"",1.5,NA,0.218,0.680000000000001,31.7051108095884,0.0008278945092,0.00142,33.8218244828084,1.175610203064,69.52,1.02,0.734652706911898,1011.13941256682
"130","Core",187,"Y0",20,1012.38571,"",1.5,NA,0.186666666666667,0.528666666666666,27.0203794799719,0.0010022618529,0.00142,40.94522200341,1.423211831118,69.293,0.792999999999999,0.889058820859499,1576.01890156363
"131","Core",187,"Y1",1,375.44022,"",1.5,NA,0.299333333333333,0.862000000000001,18.5651214128035,0.0003716858178,0.00142,15.1844134158206,0.527793861276,69.793,1.293,0.329968708050928,357.699065018557
"132","Core",187,"Y1",5,485.77052,"",1.5,NA,0.536,1.244,16.2666174298375,0.0004809128148,0.00142,19.6466441472311,0.682896197016,70.366,1.866,0.42732763280353,319.944567500656
"133","Core",187,"Y1",10,353.35949,"",2,NA,0.181500000000001,0.5965,61.9354838709677,0.0003498258951,0.00142,14.2913739517933,0.496752771042,69.193,1.193,0.310264238101734,365.805414170518
"134","Core",187,"Y2",1,246.56202,"",1.5,NA,1.21533333333333,0.405333333333334,1.90413657255415,0.0002440963998,0.00142,9.97202602406272,0.346616887716,69.108,0.608000000000001,0.216462182603212,501.019387027155
"135","Core",187,"Y2",5,343.75613,"",2,NA,1.49933333333333,0.474666666666667,1.56111012275397,0.0003403185687,0.00142,13.9029728678046,0.483252367554,68.9493333333333,0.949333333333333,0.301714338579615,447.672595628644
"136","Core",187,"Y2",10,338.28092,"",1.5,NA,2.2845,0.535,0.75283407011861,0.0003348981108,0.00142,13.6815318826634,0.475555317336,69.3025,0.8025,0.297076703686225,520.359532796268
"137","Core",187,"Y2",15,462.51119,"",1.5,NA,1.718,0.532666666666668,4.4070295224425,0.0004578860781,0.00142,18.7059370421293,0.650198230902,69.299,0.799000000000001,0.406172863427823,714.583498513608
"138","Core",197,"CFL1",1,5.37213,"",2.5,NA,1.96745,0.52455,2.68782960943671,5.3184087e-06,0.00142,0.21727198765101,0.007552140354,68.811375,1.311375,0.00471407010789193,5.0676700574024
"139","Core",197,"CFL1",5,39.12913,"",3,NA,1.1756,0.419999999999999,3.40963443799112,3.87378387e-05,0.00142,1.58254991039956,0.055007730954,68.26,1.26,0.0343056713038311,38.510073135587
"140","Core",197,"CFL2",1,79.41154,"",2.5,NA,0.951466666666666,0.454533333333334,4.91454506772567,7.86174246e-05,0.00142,3.21174341243188,0.111636742932,68.6363333333333,1.13633333333333,0.069664470090126,86.5164796874819
"141","Core",197,"PB0",1,628.085,"",3,NA,0.218,1.05033333333333,22.8242424242425,0.00062180415,0.00142,25.4024523538679,0.882961893,70.151,3.151,0.552330468973202,245.191193360501
"142","Core",197,"PB0",5,854.29463,"",3,NA,0.255666666666666,0.817333333333334,26.013986013986,0.0008457516837,0.00142,34.5513403993731,1.200967390854,69.452,2.452,0.750417047399974,429.816537835616
"143","Core",197,"PB0",10,2456.83771,"",3,NA,0.304,0.797666666666667,23.5187287173666,0.0024322693329,0.00142,99.365058661584,3.453822452718,69.393,2.393,2.15789582563878,1266.88745227109
"144","Core",197,"PB0",15,2844.00757,"",3,NA,0.393666666666667,0.875333333333334,22.6689478186484,0.0028155674943,0.00142,115.023869047923,3.998105841906,69.626,2.626,2.49888738146889,1335.10104801089
"145","Core",197,"PB0",20,1663.38134,"",3,NA,0.469666666666667,0.695666666666667,17.9242534595776,0.0016467475266,0.00142,67.2742785381963,2.338381487772,69.087,2.087,1.46026970285419,984.782833739946
"146","Core",197,"PB1",1,205.65458,"",3,NA,0.744166666666667,0.7815,5.93762767261336,0.0002035980342,0.00142,8.31755362698476,0.289109208564,69.3445,2.3445,0.180617021881681,108.263411584558
"147","Core",197,"PB1",5,1472.57373,"",3,NA,1.31493333333333,0.475733333333333,2.41627160116226,0.0014578479927,0.00142,59.5572000826044,2.070144149634,68.4272,1.4272,1.29139528641524,1278.53838075158
"148","Core",197,"PB1",10,1787.9364,"",3,NA,0.813666666666666,0.54,NA,0.001770057036,0.00142,72.3118195988539,2.51348099112,68.62,1.62,1.56844183776533,1366.43558393712
"149","Core",197,"PB1",15,2022.8095,"",3,NA,0.506366666666667,0.598633333333333,12.8409540123864,0.002002581405,0.00142,81.8110955439175,2.8436655951,68.7959,1.7959,1.77498113289029,1393.44815403438
"150","Core",197,"PB1",20,1517.57788,"",3,NA,0.011333333333333,1.28466666666667,14.1339066339066,0.0015024021012,0.00142,61.3773610100288,2.133410983704,70.854,3.854,1.33603970236586,482.999752251424
"151","Core",197,"PB2",1,15.03087,"",2.5,NA,0.711266666666666,0.651733333333334,5.21593891672633,1.48805613e-05,0.00142,0.60791287646128,0.021130397046,69.1293333333333,1.62933333333333,0.0131963798491642,11.3963653375373
"152","Core",197,"PB2",5,61.03464,"",2.5,NA,1.2359,0.554599999999999,4.71648333806876,6.04242936e-05,0.00142,2.46850272580221,0.085802496912,68.8865,1.3865,0.0535646382813327,54.4381649063856
"153","Core",197,"PB2",10,54.58877,"",2.5,NA,1.5014,0.3606,2.89048234088985,5.40428823e-05,0.00142,2.20780408540445,0.076740892866,68.4015,0.901500000000001,0.0478704560341427,75.042732312185
"154","Core",201,"S0",1,2137.32947,"",3,NA,0.19804,0.81796,30.2848575712145,0.0021159561753,0.00142,86.4427745069422,3.004657768926,69.45388,2.45388,1.87744747488438,1074.51038274917
"155","Core",201,"S0",5,1825.59771,"",3,NA,0.285266666666666,0.861733333333333,23.4032411820782,0.0018073417329,0.00142,73.8350045704091,2.566425260718,69.5852,2.5852,1.60395680124594,870.689547199166
"156","Core",201,"S0",10,2034.23115,"",3,NA,0.353733333333333,0.6066,18.4998056743101,0.0020138888385,0.00142,82.2730360773287,2.85972215067,68.8198,1.8198,1.78507178499785,1382.76836474741
"157","Core",201,"S0",15,2049.93277,"",3,NA,0.528333333333333,0.642000000000001,13.8408521303258,0.0020294334423,0.00142,82.9080769618085,2.881795488066,68.926,1.926,1.79915626528529,1316.00023691716
"158","Core",201,"S0",20,821.53053,"",2.5,NA,0.734900000000001,0.5576,13.6643414033648,0.0008133152247,0.00142,33.2262196129073,1.154907619074,68.894,1.394,0.72099244538515,728.775514852886
"159","Core",203,"G1",1,17.94158,"",3,NA,1.5092,0.478400000000001,4.57757876564525,1.77621642e-05,0.00142,0.725634477981658,0.025222273164,68.4352,1.4352,0.0157343354047861,15.4901071315518
"160","Core",203,"G1",5,60.97782,"",3,NA,1.47488,0.42112,3.42635785798073,6.03680418e-05,0.00142,2.46620468120196,0.085722619356,68.26336,1.26336,0.0534613552621609,59.8525901326816
"161","Core",203,"G1",10,117.99117,"",3,NA,1.48173333333333,0.382266666666666,3.6184507169267,0.0001168112583,0.00142,4.77206918506593,0.165871986786,68.1468,1.1468,0.103427589074707,127.65174516809
"162","Core",203,"G2",1,73.16787,"",3,NA,1.12365,0.611350000000001,3.91260627113997,7.24361913e-05,0.00142,2.95922260762318,0.102859391646,68.83405,1.83405,0.0642074928270739,49.3463596974847
"163","Core",203,"G2",5,466.06474,"",3,NA,1.10443333333333,0.460566666666667,3.25253244441569,0.0004614040926,0.00142,18.8496578515135,0.655193811492,68.3817,1.3817,0.408692547459732,418.062997336221
"164","Core",203,"Y0",1,1134.05176,"",3,NA,0.138033333333333,0.977966666666667,44.990366088632,0.0011227112424,0.00142,45.8659191036565,1.594249964208,69.9339,2.9339,0.996925500360895,475.893374878727
"165","Core",203,"Y0",5,1995.719,"",3,NA,0.187733333333333,0.941933333333333,35.1700309147118,0.00197576181,0.00142,80.7154394854342,2.8055817702,69.8258,2.8258,1.75409914587432,869.910065557147
"166","Core",203,"Y0",10,2090.28293,"",3,NA,0.238233333333334,0.910433333333334,30.8871688002382,0.0020693801007,0.00142,84.540010564539,2.938519742994,69.7313,2.7313,1.83693661818554,943.023937051371
"167","Core",203,"Y0",15,2510.1087,"",3,NA,0.269333333333333,0.965,35.305176087229,0.002485007613,0.00142,101.519566069528,3.52871081046,69.895,2.895,2.20645634727846,1067.66708459459
"168","Core",203,"Y0",20,2029.54161,"",3,NA,0.2924,0.7816,29.7027403622852,0.0020092461939,0.00142,82.0833709580987,2.853129595338,69.3448,2.3448,1.78245452841801,1068.28015549331
"169","Core",203,"Y1",1,168.84911,"",3,NA,0.313066666666667,0.928933333333333,23.1433314886552,0.0001671606189,0.00142,6.82898249722252,0.237368078838,69.7868,2.7868,0.148397447011942,74.6413866696087
"170","Core",203,"Y1",5,156.4871,"",3,NA,0.353466666666667,0.893533333333334,20.8238203957382,0.000154922229,0.00142,6.32900977056444,0.21998956518,69.6806,2.6806,0.13750940900317,71.9491142244105
"171","Core",203,"Y1",10,141.49582,"",3,NA,0.388766666666667,0.909233333333333,21.6161438138879,0.0001400808618,0.00142,5.72269808357384,0.198914823756,69.7277,2.7277,0.124345538352768,63.9205599127486
"172","Core",203,"Y1",15,609.3133,"",3,NA,0.335319999999999,0.74988,45.710843373494,0.000603220167,0.00142,24.6432442612513,0.85657263714,69.24964,2.24964,0.535050779238022,334.42322849198
"173","Core",203,"Y2",1,447.60955,"",2.5,NA,1.6128,0.4348,2.0467036383079,0.0004431334545,0.00142,18.1032507813612,0.62924950539,68.587,1.087,0.392638361345609,509.89987705002
"174","Core",203,"Y2",5,438.35374,"",3,NA,1.29516666666667,0.301833333333333,3.3698312508051,0.0004339702026,0.00142,17.7289061106217,0.616237687692,67.9055,0.9055,0.384099296760163,601.277055113059
"175","Core",203,"Y2",10,408.73051,"",2.5,NA,1.52275,0.45975,3.42737929664214,0.0004046432049,0.00142,16.5308155836346,0.574593350958,68.649375,1.149375,0.358569919075954,440.221682224631
"176","Core",203,"Y2",15,548.8923,"",2.5,NA,1.48152,0.388080000000001,1.82918555106251,0.000543403377,0.00142,22.1995597700231,0.77163279534,68.4702,0.970200000000002,0.481392391317152,700.914002417716
"177","Core",203,"Y2",20,529.72695,"",3,NA,1.31,0.367666666666666,4.07990779869381,0.0005244296805,0.00142,21.424430782354,0.74469014631,68.103,1.103,0.464310445755029,595.973600831783
"178","Core",208,"PB0",1,1987.89272,"",3,NA,0.164566666666667,0.778433333333333,30.2485899310633,0.0019680137928,0.00142,80.3989111416463,2.794579585776,69.3353,2.3353,1.74584964507106,1050.65658112574
"179","Core",208,"PB0",5,1626.0814,"",3,NA,0.236966666666667,0.919366666666667,26.2143067412423,0.001609820586,0.00142,65.7657089199883,2.28594523212,69.7581,2.7581,1.42905846985412,726.391652350568
"180","Core",208,"PB0",10,3219.10902,"",2.5,NA,0.324533333333333,0.889466666666667,22.5033563978106,0.0031869179298,0.00142,130.194581151367,4.525423460316,69.7236666666667,2.22366666666667,2.82891227069361,1783.88504677424
"181","Core",208,"PB0",15,1278.62912,"",2.5,NA,0.318233333333334,0.849766666666666,24.4512777011982,0.0012658428288,0.00142,51.713247886939,1.797496816896,69.6244166666667,2.12441666666667,1.12346468873743,741.969207094675
"182","Core",208,"PB0",20,1891.15715,"",2,NA,0.353533333333334,0.756466666666667,20.4353663214423,0.0018722455785,0.00142,76.4865096229836,2.65858872147,69.5129333333333,1.51293333333333,1.66136471858657,1541.67259000413
"183","Core",208,"PB1",1,1339.81196,"",2,NA,0.258066666666667,0.659333333333333,24.1370360757851,0.0013264138404,0.00142,54.1877444566299,1.883507653368,69.3186666666667,1.31866666666667,1.17664697525317,1254.15157577462
"184","Core",208,"PB1",5,1806.46437,"",3,NA,0.399566666666667,0.872666666666666,20.1679261125105,0.0017883997263,0.00142,73.0611702044867,2.539527611346,69.618,2.618,1.5872296851095,850.652970497144
"185","Core",208,"PB1",10,1587.2619,"",3,NA,0.482933333333333,0.8466,16.0557491289199,0.001571389281,0.00142,64.1956817753328,2.23137277902,69.5398,2.5398,1.39445539670475,770.698115231066
"186","Core",208,"PB1",15,1985.66617,"",3,NA,0.43,0.831133333333333,16.6900093370682,0.0019658095083,0.00142,80.3088599060835,2.791449501786,69.4934,2.4934,1.74433552489336,982.277828917064
"187","Core",208,"PB1",20,1781.06565,"",3,NA,0.3368,0.818266666666667,20.7472178060413,0.0017632549935,0.00142,72.0339369882035,2.50382209077,69.4548,2.4548,1.56450476049868,895.065029751544
"188","Core",208,"PB2",1,934.84079,"",3,NA,0.3762,0.77516,13.5691600043807,0.0009254923821,0.00142,37.8089727129724,1.314199182582,69.32548,2.32548,0.821002959755912,496.196479998636
"189","Core",208,"PB2",5,849.56394,"",3,NA,0.664333333333333,0.695666666666666,6.3324001018071,0.0008410683006,0.00142,34.3600109975789,1.194316986852,69.087,2.087,0.745825657885181,502.973049028237
"190","Core",208,"PB2",10,139.74312,"",2.5,NA,1.08913333333333,0.581633333333334,3.95054842907605,0.0001383456888,0.00142,5.65181137518146,0.196450878096,68.9540833333333,1.45408333333333,0.122653300160847,118.812191895727
"191","Core",208,"PB2",15,30.45956,"",3,NA,1.28063333333333,0.497833333333332,3.26745925517674,3.01549644e-05,0.00142,1.23191530066756,0.042820049448,68.4935,1.4935,0.0267148000812577,25.2646060329447
"192","Core",215,"G1",1,54.67964,"",3,NA,1.1568,0.3788,6.62633944002765,5.41328436e-05,0.00142,2.21147925810464,0.076868637912,68.1364,1.1364,0.04792976466408,59.7007308836206
"193","Core",215,"G1",5,196.70765,"",3,NA,1.6595,0.471,6.63875417934274,0.0001947405735,0.00142,7.95570138877115,0.27653161437,68.413,1.413,0.172501752821918,172.515448046485
"194","Core",215,"G1",10,356.12646,"",3,NA,1.51666666666667,0.425000000000001,6.23131703886056,0.0003525651954,0.00142,14.4032820909617,0.500642577468,68.275,1.275,0.312234162246501,346.34558832473
"195","Core",215,"G2",1,44.16331,"",3,NA,0.93,0.651333333333332,4.17249496775955,4.37216769e-05,0.00142,1.7861537499926,0.062084781198,68.954,1.954,0.0387623733786188,27.9419738717939
"196","Core",215,"G2",5,90.31999,"",3,NA,1.41566666666667,0.492666666666667,2.81168067986619,8.94167901e-05,0.00142,3.65292793583166,0.126971841942,68.478,1.478,0.0792138996702975,75.7065286763817
"197","Core",215,"G2",10,375.73758,"",3,NA,1.51333333333333,0.408666666666666,5.34821655511311,0.0003719802042,0.00142,15.1964399301172,0.528211889964,68.226,1.226,0.329402345207747,380.106139806802
"198","Core",215,"S0",1,1840.41071,"",3,NA,0.254333333333333,0.970666666666666,22.0774919969092,0.0018220066029,0.00142,74.4341058492453,2.587249376118,69.912,2.912,1.61781690784571,778.188400467441
"199","Core",215,"S0",5,2689.91286,"",3,NA,0.305,0.886666666666667,19.5367091030918,0.0026630137314,0.00142,108.791617794099,3.781479498588,69.66,2.66,2.36362062778186,1246.44433979091
"200","Core",215,"S0",10,1963.85448,"",3,NA,0.479,0.831333333333333,13.9676247109349,0.0019442159352,0.00142,79.4267015740387,2.760786627984,69.494,2.494,1.72517640484621,971.251754834975
"201","Core",215,"S0",15,997.98533,"",1.5,NA,0.498666666666666,0.625333333333333,12.0257966616085,0.0009880054767,0.00142,40.3628088478218,1.402967776914,69.438,0.938,0.876616097911511,1312.63177662296
"202","Core",215,"S0",20,1635.6647,"",3,NA,0.427333333333333,0.800666666666667,21.1129180513328,0.001619308053,0.00142,66.1532986915046,2.29941743526,69.402,2.402,1.43666179396681,840.250914887806
"203","Core",215,"Y0",1,1023.663,"",3,NA,0.103666666666667,0.944,65.5078831739468,0.00101342637,0.00142,41.4013239990089,1.4390654454,69.832,2.832,0.899737989255351,445.214162989337
"204","Core",215,"Y0",5,1957.4179,"",3,NA,0.1996,1.1232,32.7070063694268,0.001937843721,0.00142,79.166378661102,2.75173808382,70.3696,3.3696,1.72193151980882,713.927492917385
"205","Core",215,"Y0",10,2093.97374,"",2.5,NA,0.119,0.704666666666666,36.5692340516322,0.0020730340026,0.00142,84.6892827572711,2.943708283692,69.2616666666667,1.76166666666667,1.83879763138056,1467.55381398043
"206","Core",215,"Y0",15,2591.43889,"",3,NA,0.222333333333333,0.984666666666667,30.969030969031,0.0025655245011,0.00142,104.808907920402,3.643044791562,69.954,2.954,2.27816281792572,1079.98208565269
"207","Core",215,"Y0",20,2087.24065,"",3,NA,0.260666666666667,0.857333333333333,NA,0.0020663682435,0.00142,84.416967707685,2.93424290577,69.572,2.572,1.83379564347853,1000.64036886768
"208","Core",215,"Y1",1,156.7372,"",3,NA,0.159,0.991333333333333,33.7627572360716,0.000155169828,0.00142,6.33912488768028,0.22034115576,69.974,2.974,0.137793826671556,64.8755996528784
"209","Core",215,"Y1",5,141.76661,"",3,NA,0.362333333333333,0.927666666666667,22.7820372398686,0.0001403489439,0.00142,5.73364999306523,0.199295500338,69.783,2.783,0.124594527754631,62.7558669685828
"210","Core",215,"Y1",10,257.83201,"",3,NA,0.323666666666667,0.940333333333333,21.6391509433962,0.0002552536899,0.00142,10.4278327763392,0.362460239658,69.821,2.821,0.226614787126785,112.579362028001
"211","Core",215,"Y1",15,532.03757,"",3,NA,0.367666666666667,0.816,26.402819192193,0.0005267171943,0.00142,21.5178821694399,0.747938415906,69.448,2.448,0.467341702178518,268.123040234233
"212","Core",215,"Y1",20,524.98376,"",2.5,NA,0.349666666666667,0.838,24.555130550474,0.0005197339224,0.00142,21.2325958269254,0.738022169808,69.595,2.095,0.461254126050136,308.955820450751
"213","Core",215,"Y2",1,464.0259,"",3,NA,0.970333333333333,0.501666666666667,4.96824034334765,0.000459385641,0.00142,18.7671984137667,0.65232761022,68.505,1.505,0.406985119009056,381.924740131464
"214","Core",215,"Y2",5,631.92135,"",3,NA,1.48333333333333,0.416,3.64689766679392,0.0006256021365,0.00142,25.5576108086754,0.88835503383,68.248,1.248,0.554013569845738,627.937515724577
"215","Core",215,"Y2",10,720.81823,"",3,NA,1.549,0.398666666666666,2.99358670856108,0.0007136100477,0.00142,29.152982069902,1.013326267734,68.196,1.196,0.631897914197749,747.590284151687
"216","Core",215,"Y2",15,550.03653,"",3,NA,1.413,0.378999999999999,3.22337061682948,0.0005445361647,0.00142,22.2458373408247,0.773241353874,68.137,1.137,0.482138265867926,600.226442917329
"217","Core",223,"CFL1",1,39.74128,"",2,NA,1.1225,0.347,2.17497664902373,3.93438672e-05,0.00142,1.60730788298037,0.055868291424,68.694,0.693999999999999,0.0348666082422076,70.8750838942046
"218","Core",223,"CFL1",5,29.55666,"",1.5,NA,1.6235,0.297000000000001,20.4544754749515,2.92610934e-05,0.00142,1.19539815055203,0.041550752628,68.9455,0.445500000000001,0.0259416853737945,82.0245082797979
"219","Core",223,"CFL2",1,24.69364,"",3,NA,1.111,0.769333333333333,1.61189526990625,2.44467036e-05,0.00142,0.99871675576326,0.034714319112,69.308,2.308,0.0216860287620397,13.2071832694777
"220","Core",223,"CFL2",5,10.05752,"",2.5,NA,2.3295,0.15,3.30164784409548,9.9569448e-06,0.00142,0.406769263074383,0.014138861616,67.875,0.375000000000001,0.00881228326135366,33.3164129567626
"221","Core",223,"PB0",1,2577.56239,"",3,NA,0.311333333333334,0.805333333333333,12.4833801152312,0.0025517867661,0.00142,104.24768271985,3.623537207862,69.416,2.416,2.26401436906071,1316.35869072219
"222","Core",223,"PB0",5,1288.51235,"",3,NA,0.351,0.828666666666666,10.3840977326845,0.0012756272265,0.00142,52.1129681145791,1.81139066163,69.486,2.486,1.131897840573,639.324088720183
"223","Core",223,"PB0",10,1691.2782,"",3,NA,0.417,0.742333333333333,22.1635676016388,0.001674365418,0.00142,68.4025472549663,2.37759889356,69.227,2.227,1.4850930058326,937.789957163192
"224","Core",223,"PB0",15,781.44453,"",3,NA,0.228333333333333,0.806333333333334,27.5090858261112,0.0007736300847,0.00142,31.6049697740206,1.098554720274,69.419,2.419,0.686388871201633,398.582994084909
"225","Core",223,"PB0",20,1823.78985,"",2.5,NA,1.4584,0.3288,23.9203658569981,0.0018055519515,0.00142,73.7618869549391,2.56388377113,68.322,0.821999999999999,1.59912973068733,2750.60070617162
"226","Core",223,"PB1",1,1169.24101,"",3,NA,0.500666666666667,0.854333333333334,9.09390444810543,0.0011575485999,0.00142,47.2891233618275,1.643719011858,69.563,2.563,1.02725011262127,562.533393866082
"227","Core",223,"PB1",5,1564.3663,"",3,NA,0.567666666666666,0.801666666666666,38.0348837209302,0.001548722637,0.00142,63.2696854721044,2.19918614454,69.405,2.405,1.37404450091309,802.611859387609
"228","Core",223,"PB1",10,1270.34433,"",2.5,NA,0.846333333333333,0.550333333333333,4.58953319461347,0.0012576408867,0.00142,51.3781754314007,1.785850059114,68.8758333333333,1.37583333333333,1.11484841847559,1141.88583641726
"229","Core",223,"PB1",15,2332.9596,"",3,NA,0.342333333333333,0.691333333333333,14.865253668361,0.002309630004,0.00142,94.3548963635476,3.27967460568,69.074,2.074,2.04804467887009,1389.93285982601
"230","Core",223,"PB1",20,359.50813,"",3,NA,1.357,0.293999999999999,19.6067843204634,0.0003559130487,0.00142,14.5400513356523,0.505396529154,67.882,0.881999999999998,0.315000423321997,506.319786329031
"231","Core",223,"PB2",1,437.14368,"",3,NA,0.305333333333333,0.961,13.9387308533917,0.0004327722432,0.00142,17.6799660921603,0.614536585344,69.883,2.883,0.38425425032992,186.720935145061
"232","Core",223,"PB2",5,1313.8195,"",3,NA,1.031,0.705666666666666,2.41123305358296,0.001300681305,0.00142,53.1364978471586,1.8469674531,69.117,2.117,1.15344745733708,766.708017377798
"233","Core",223,"PB2",10,749.21893,"",3,NA,0.7808,0.3884,6.48053800692889,0.0007417267407,0.00142,30.3016282381221,1.053251971794,68.1652,1.1652,0.656762656634294,797.695827300878
"234","Core",223,"PB2",15,154.79741,"",3,NA,1.57833333333333,0.341333333333332,1.03784331097329,0.0001532494359,0.00142,6.26067145693204,0.217614198978,68.024,1.024,0.13566413343036,187.658795367674
"235","Core",229,"G1",1,25.28734,"",3,NA,1.49156666666667,0.388433333333334,1.33803453575625,2.50344666e-05,0.00142,1.02272853117979,0.035548942572,68.1653,1.1653,0.022166796107259,26.9211904815625
"236","Core",229,"G1",5,361.75613,"",3,NA,1.3983,0.353033333333334,11.4222019800081,0.0003581385687,0.00142,14.6309701012517,0.508556767554,68.0591,1.0591,0.317060182572588,423.950650104543
"237","Core",229,"G1",10,508.35063,"",3,NA,1.39516,0.39884,1.47447689123938,0.0005032671237,0.00142,20.5598806811717,0.714639315654,68.19652,1.19652,0.445640741693139,527.0010230181
"238","Core",229,"G1",15,846.95372,"",3,NA,1.38926666666667,0.3504,1.26143172500787,0.0008384841828,0.00142,34.2544425009851,1.190647539576,68.0512,1.0512,0.742300893073376,1000.0602852707
"239","Core",229,"G1",20,814.12796,"",3,NA,1.5365,0.4065,1.44107949955241,0.0008059866804,0.00142,32.9268279195518,1.144501086168,68.2195,1.2195,0.713723828515514,828.00740552993
"240","Core",229,"G2",1,70.38335,"",3,NA,0.960933333333333,0.6194,1.47316730971588,6.96795165e-05,0.00142,2.84660467115217,0.09894491343,68.8582,1.8582,0.061766363792389,46.8465682485511
"241","Core",229,"G2",5,285.20498,"",3,NA,2.225,0.6075,1.32744360054992,0.0002823529302,0.00142,11.5349131336298,0.400941160884,68.8225,1.8225,0.250273212499855,193.578563002565
"242","Core",229,"G2",10,595.59245,"",3,NA,1.889,0.467,2.5809445614536,0.0005896365255,0.00142,24.0883142145545,0.83728386621,68.401,1.401,0.52229166069952,526.845254766459
"243","Core",229,"S0",1,1109.59145,"",3,NA,0.12216,0.79744,18.6125852918878,0.0010984955355,0.00142,44.8766392142532,1.55986366041,69.39232,2.39232,0.974578069356406,572.333734748966
"244","Core",229,"S0",5,2324.07395,"",3,NA,0.2068,0.870533333333334,21.113074204947,0.0023008332105,0.00142,93.995522551471,3.26718315891,69.6116,2.6116,2.042000635036,1097.10348694334
"245","Core",229,"S0",10,2162.79233,"",3,NA,0.337266666666667,0.833733333333334,16.1150083983796,0.0021411644067,0.00142,87.4726018200339,3.040453457514,69.5012,2.5012,1.89995813109177,1066.5278156698
"246","Core",229,"S0",15,2276.37263,"",2.5,NA,0.3668,0.804866666666666,14.7828457205161,0.0022536089037,0.00142,92.0662764963724,3.200124643254,69.5121666666667,2.01216666666667,1.99977063461835,1395.2920842584
"247","Core",229,"S0",20,2838.56531,"",3,NA,0.301333333333333,0.644,14.8766729344099,0.0028101796569,0.00142,114.803760702162,3.990455112798,68.932,1.932,2.49133616362267,1816.57411873347
"248","Core",229,"Y0",1,1298.1368,"",2.5,NA,0.1458,0.974866666666667,30.1429300663604,0.001285155432,0.00142,52.5022221686596,1.82492071344,69.9371666666667,2.43716666666667,1.1411758131937,655.769879484364
"249","Core",229,"Y0",5,1675.8233,"",3,NA,0.198833333333334,0.968833333333333,27.7020285999335,0.001659065067,0.00142,67.7774847858996,2.35587239514,69.9065,2.9065,1.47312304140605,709.952251302068
"250","Core",229,"Y0",10,2186.80077,"",3,NA,0.202966666666667,0.8777,NA,0.0021649327623,0.00142,88.4436061477773,3.074204522466,69.6331,2.6331,1.92145442343955,1023.78099464903
"251","Core",229,"Y0",15,2549.71428,"",3,NA,0.230066666666666,0.884933333333334,34.4589739905159,0.0025242171372,0.00142,103.121385662254,3.584388334824,69.6548,2.6548,2.24040979913309,1183.81943924018
"252","Core",229,"Y0",20,2154.82813,"",3,NA,0.2524,0.752933333333333,30.0597557807223,0.0021332798487,0.00142,87.1504953996662,3.029257385154,69.2588,2.2588,1.89222749167715,1177.84109737821
"253","Core",229,"Y1",1,1818.94174,"",3,NA,0.295566666666667,0.932433333333333,16.3559620119592,0.0018007523226,0.00142,73.5658085845254,2.557068298092,69.7973,2.7973,1.59865126885108,801.027670091757
"254","Core",229,"Y1",5,1582.41868,"",3,NA,0.330033333333333,0.901966666666667,16.1935021010556,0.0015665944932,0.00142,63.9998011775008,2.224564180344,69.7059,2.7059,1.39056998824178,720.680392773442
"255","Core",229,"Y1",10,1980.58417,"",3,NA,0.439633333333333,0.850366666666667,15.0956181297997,0.0019607783283,0.00142,80.1033220205069,2.784305226186,69.5511,2.5511,1.7400318271034,957.371318346512
"256","Core",229,"Y1",15,1530.58695,"",2.5,NA,0.2116,0.6952,54.2134831460674,0.0015152810805,0.00142,61.9035036194576,2.15169913431,69.238,1.738,1.34401543436431,1087.42320004645
"257","Core",229,"Y1",20,1018.90865,"",2,NA,0.30772,0.74668,31.6514351911443,0.0010087195635,0.00142,41.2090376852956,1.43238178017,69.49336,1.49336,0.895074140809307,841.571206231546
"258","Core",229,"Y2",1,857.93887,"",3,NA,0.865,0.729333333333333,2.60606530675559,0.0008493594813,0.00142,34.6987291014851,1.206090463446,69.188,2.188,0.753299759745685,484.275082339798
"259","Core",229,"Y2",5,924.89514,"",3,NA,1.11546666666667,0.605533333333334,1.5112520948049,0.0009156461886,0.00142,37.4067279527039,1.300217587812,68.8166,1.8166,0.811606760951261,629.813593445968
"260","Core",229,"Y2",10,745.94952,"",3,NA,1.6694,0.4216,0.990218088518288,0.0007384900248,0.00142,30.1693992695107,1.048655835216,68.2648,1.2648,0.654001149545748,731.346127362471
"261","Core",229,"Y2",15,613.5681,"",3,NA,1.11932,0.74148,5.9234463687964,0.000607432419,0.00142,24.8153266295219,0.86255403498,69.22444,2.22444,0.538765271932069,340.610133868735
"262","Core",229,"Y2",20,743.6055,"",3,NA,0.736066666666667,0.599933333333334,10.4290339989207,0.000736169445,0.00142,30.0745970431138,1.0453606119,68.7998,1.7998,0.652505329650874,511.127148966492
"263","Core",237,"CFL1",1,37.33175,"",3,NA,1.54763333333333,0.3237,0.969869390922021,3.69584325e-05,0.00142,1.5098561510966,0.05248097415,67.9711,0.9711,0.0327146930809791,47.7335261186416
"264","Core",237,"CFL1",5,76.03019,"",3,NA,1.6493,0.3067,1.67138810198301,7.52698881e-05,0.00142,3.07498710991431,0.106883241102,67.9201,0.920100000000001,0.0666215978002181,102.626759150954
"265","Core",237,"CFL1",10,173.18691,"",3,NA,1.3326,0.3044,0.796070034009301,0.0001714550409,0.00142,7.00442174162512,0.243466158078,67.9132,0.9132,0.151753677557725,235.544158852531
"266","Core",237,"CFL1",15,173.50249,"",3,NA,1.52123333333333,0.368766666666667,0.998541952016974,0.0001717674651,0.00142,7.01718515089908,0.243909800442,68.1063,1.1063,0.152077301050985,194.615226397959
"267","Core",237,"CFL2",1,61.06293,"",3,NA,1.44396666666667,0.283033333333333,1.10015616623546,6.04523007e-05,0.00142,2.46964689478745,0.085842266994,67.8491,0.8491,0.0535004131133715,89.3446624514482
"268","Core",237,"CFL2",5,247.28824,"",3,NA,1.37253333333333,0.232466666666667,2.06398599698547,0.0002448153576,0.00142,10.001397476889,0.347637807792,67.6974,0.697400000000002,0.216609369111159,440.831457173279
"269","Core",237,"CFL2",10,206.87236,"",3,NA,1.52973333333333,0.301266666666667,1.67269538528992,0.0002048036364,0.00142,8.36680587537071,0.290821163688,67.9038,0.9038,0.181267556368492,284.296724756465
"270","Core",237,"CFL2",15,373.67563,"",3,NA,1.5298,0.293866666666667,0.972949389179755,0.0003699388737,0.00142,15.1130458248113,0.525313200654,67.8816,0.881600000000002,0.32741375304466,526.512580346127
"271","Core",237,"PB0",1,2597.68689,"",3,NA,0.261333333333334,0.948,16.5208024774472,0.0025717100211,0.00142,105.061603848989,3.651828229962,69.844,2.844,2.28325380327401,1124.96967074452
"272","Core",237,"PB0",5,2627.07034,"",3,NA,0.201966666666667,0.967366666666667,17.348307073416,0.0026007996366,0.00142,106.249996643941,3.693135483972,69.9021,2.9021,2.30929514911354,1114.64987318986
"273","Core",237,"PB0",10,2053.11119,"",3,NA,0.202433333333333,0.814233333333333,17.7469899389741,0.0020325800781,0.00142,83.0366259044048,2.886263710902,69.4427,2.4427,1.80343718886711,1036.9440118393
"274","Core",237,"PB0",15,644.53505,"",3,NA,0.3441,0.847233333333334,15.3429951690821,0.0006380896995,0.00142,26.0677629588716,0.90608737329,69.5417,2.5417,0.566244367998754,312.718809820072
"275","Core",237,"PB0",20,1001.83456,"",3,NA,0.3463,0.766033333333334,16.649033375012,0.0009918162144,0.00142,40.5184882250941,1.408379024448,69.2981,2.2981,0.879800174487023,538.153621217998
"276","Core",237,"PB1",1,32.57239,"",3,NA,1.04233333333333,0.583666666666667,1.49456083153105,3.22466661e-05,0.00142,1.31736721148667,0.045790265862,68.751,1.751,0.0285796654807717,23.0179417130442
"277","Core",237,"PB1",5,717.95029,"",3,NA,0.6714,0.655933333333333,3.99620360657375,0.0007107707871,0.00142,29.0369902706969,1.009294517682,68.9678,1.9678,0.630162737496887,451.032194580171
"278","Core",237,"PB1",10,1630.13113,"",3,NA,0.477266666666667,0.584733333333334,8.67224032875161,0.0016138298187,0.00142,65.9294973775554,2.291638342554,68.7542,1.7542,1.43031694163165,1149.84784243382
"279","Core",237,"PB1",15,1969.15467,"",3,NA,0.656,0.73,5.52887072049053,0.0019494631233,0.00142,79.6410639994133,2.768237635086,69.19,2.19,1.72899088925815,1110.49114028793
"280","Core",237,"PB1",20,1810.80522,"",3,NA,0.676866666666667,0.681133333333334,7.95347686216283,0.0017926971678,0.00142,73.2367328039761,2.545629978276,69.0434,2.0434,1.5895810053561,1095.14310878036
"281","Core",237,"PB2",1,169.44074,"",3,NA,1.01393333333333,0.423066666666667,4.95975071410023,0.0001677463326,0.00142,6.8529105529572,0.238199792292,68.2692,1.2692,0.148555924473245,165.544450111613
"282","Core",237,"PB2",5,224.37325,"",3,NA,1.06073333333333,0.3486,0.812285823074017,0.0002221295175,0.00142,9.07461695886305,0.31542391485,68.0458,1.0458,0.196647133505361,266.308407695033
"283","Core",237,"PB2",10,21.59257,"",3,NA,0.78816,0.87064,0.6277878737816,2.13766443e-05,0.00142,0.873296179056271,0.030354834906,69.61192,2.61192,0.0189718852220951,10.191736701652
"284","Core",243,"G1",1,97.92894,"",3,NA,1.3291,0.463966666666667,4.56084600958534,9.69496506e-05,0.00142,3.96066652191151,0.137668503852,68.3919,1.3919,0.0858753709097858,87.1952015829744
"285","Core",243,"G1",5,70.63161,"",3,NA,1.44916666666667,0.4189,4.23734811843812,6.99252939e-05,0.00142,2.85664537077304,0.099293917338,68.2567,1.2567,0.0619245041962654,69.697723141349
"286","Core",243,"G1",10,32.6109,"",3,NA,1.44323333333333,0.3623,3.65868163760498,3.2284791e-05,0.00142,1.31892472112334,0.04584440322,68.0869,1.0869,0.0285830096556666,37.2353249251761
"287","Core",243,"G1",15,98.42506,"",3,NA,1.5944,0.359933333333333,3.90657985378102,9.74408094e-05,0.00142,3.98073174343694,0.138365949348,68.0798,1.0798,0.0862672420402009,113.124900323216
"288","Core",243,"S0",1,1384.9723,"",3,NA,0.20315,1.10185,17.6781002638522,0.001371122577,0.00142,56.0142223778261,1.94699405934,70.30555,3.30555,1.21822905455835,515.061313344389
"289","Core",243,"S0",5,1366.93109,"",2.5,NA,0.256366666666667,0.881133333333333,18.1677890011223,0.0013532617791,0.00142,55.2845584351573,1.921631726322,69.7028333333333,2.20283333333333,1.20120171012457,764.722005584312
"290","Core",243,"S0",10,1894.18861,"",3,NA,0.371033333333333,0.841633333333333,15.2551984877127,0.0018752467239,0.00142,76.6091148726117,2.662850347938,69.5249,2.5249,1.66405969464883,925.212485633127
"291","Core",243,"S0",15,1629.26709,"",3,NA,0.404633333333334,0.838833333333334,15.5687059437821,0.0016129744191,0.00142,65.8945518925783,2.290423675122,69.5165,2.5165,1.43130480176075,798.496748690782
"292","Core",243,"S0",20,692.60329,"",3,NA,0.3406,0.7827,16.4792075121247,0.0006856772571,0.00142,28.0118488331311,0.973661705082,69.3481,2.3481,0.60828533185118,364.044845396195
"293","Core",243,"Y0",1,1400.57625,"",3,NA,0.1641,0.979666666666667,29.0055248618785,0.0013865704875,0.00142,56.6453130684287,1.96893009225,69.939,2.939,1.23123266124545,586.705444438371
"294","Core",243,"Y0",5,2029.72813,"",3,NA,0.192666666666667,0.964333333333333,31.4415437003405,0.0020094308487,0.00142,82.0909146272088,2.853391805154,69.893,2.893,1.78418256987873,863.942666248279
"295","Core",243,"Y0",10,2233.89233,"",3,NA,0.26908,1.10892,27.8098696154481,0.0022115534067,0.00142,90.34819089215,3.140405837514,70.32676,3.32676,1.96501026873017,825.401000836857
"296","Core",243,"Y0",15,2037.39187,"",3,NA,0.254433333333334,0.9209,35.6249101107435,0.0020170179513,0.00142,82.4008691559787,2.864165490846,69.7627,2.7627,1.7905459911909,908.596579280952
"297","Core",243,"Y0",20,5.49208,"",3,NA,0.2707,0.901633333333334,35.9736417428725,5.4371592e-06,0.00142,0.22212328032612,0.007720766064,69.7049,2.7049,0.00482622551165691,2.50219125094485
"298","Core",243,"Y1",1,1198.78408,"",3,NA,0.366833333333333,0.962133333333333,19.0500881468423,0.0011867962392,0.00142,48.4839718744683,1.685250659664,69.8864,2.8864,1.05375052599763,511.436587308298
"299","Core",243,"Y1",5,2282.73495,"",3,NA,0.4408,0.866266666666667,21.0880689469432,0.0022599076005,0.00142,92.3235960162782,3.20906879271,69.5988,2.5988,2.00563788156143,1082.95459450654
"300","Core",243,"Y1",10,2176.18173,"",3,NA,0.4763,0.863266666666667,20.6853719129037,0.0021544199127,0.00142,88.0141266065626,3.059276276034,69.5898,2.5898,1.91199143080452,1036.03146772147
"301","Core",243,"Y1",15,1669.8156,"",3,NA,0.37908,0.85888,43.3717918530728,0.001653117444,0.00142,67.5345076203784,2.34742677048,69.57664,2.57664,1.46706768433402,799.066214609051
"302","Core",243,"Y2",1,158.55131,"",2.5,NA,1.31336666666667,0.497866666666666,3.12055617001106,0.0001569657969,0.00142,6.41249527996743,0.222891431598,68.7446666666667,1.24466666666666,0.139114674135449,157.627428087502
"303","Core",243,"Y2",5,312.11783,"",3,NA,1.33383333333333,0.45,2.80777537796975,0.0003089966517,0.00142,12.6233842638618,0.438775245414,68.35,1.35,0.273682468393003,286.586184299081
"304","Core",243,"Y2",10,503.334,"",3,NA,1.57366666666667,0.372666666666666,2.3286180631121,0.00049830066,0.00142,20.3569866388813,0.7075869372,68.118,1.118,0.441187401021816,558.644617439865
"305","Core",243,"Y2",15,1094.88095,"",3,NA,1.3718,0.378999999999999,3.10336176618162,0.0010839321405,0.00142,44.2816834752186,1.53918363951,68.137,1.137,0.959725352359464,1194.78700448577
"306","Core",257,"G1",1,16.03267,"",2.5,NA,1.1296,0.588,1.59043311985918,1.58723433e-05,0.00142,0.648429966931686,0.022538727486,68.97,1.47,0.0140723208236231,13.4827510277053
"307","Core",257,"G1",5,25.84112,"",1.75,NA,1.19316,0.481320000000001,1.53861524627834,2.55827088e-05,0.00142,1.0451257705097,0.036327446496,69.09231,0.842310000000002,0.022685913675084,37.9053545685898
"308","Core",257,"G1",10,155.56017,"",3,NA,1.44516,0.4958,1.52035996758054,0.0001540045683,0.00142,6.29152074414227,0.218686486986,68.4874,1.4874,0.13643395405193,129.561650243047
"309","Core",257,"G1",15,11.86699,"",2.5,NA,0.958254545454545,0.408581818181819,2.53822176042747,1.17483201e-05,0.00142,0.479951993852468,0.016682614542,68.5214545454545,1.02145454545455,0.0104085046002483,14.3900417891028
"310","Core",257,"G1",20,19.39057,"",3,NA,1.51431111111111,0.414,1.39556840645561,1.91966643e-05,0.00142,0.784237850831243,0.027259263306,68.242,1.242,0.0169997983970329,19.3619287349375
"311","Core",257,"G2",1,426.17493,"",2.5,NA,1.15464,0.531399999999999,2.37127845884413,0.0004219131807,0.00142,17.2363427780285,0.599116716594,68.8285,1.3285,0.373980826156779,396.810083641457
"312","Core",257,"G2",5,324.52507,"",3,NA,1.14136666666667,0.470933333333334,NA,0.0003212798193,0.00142,13.1251862857904,0.456217343406,68.4128,1.4128,0.284590484718654,284.653713286578
"313","Core",257,"G2",10,412.93892,"",3,NA,1.21453333333333,0.440600000000001,1.8574453069866,0.0004088095308,0.00142,16.7010217412574,0.580509533736,68.3218,1.3218,0.362071700412433,387.297800229329
"314","Core",257,"G2",15,176.04117,"",2.75,NA,1.47443333333333,0.4248,1.72607192729437,0.0001742807583,0.00142,7.11986026293283,0.247478676786,68.4182,1.1682,0.154379677327016,186.739388002972
"315","Core",257,"G2",20,96.61114,"",3,NA,NA,NA,NA,9.56450286e-05,0.00142,3.90736903556504,0.135815940612,NA,NA,NA,NA
"316","Core",257,"S0",1,1375.62708,"",3,NA,0.285266666666667,0.818866666666667,15.421686746988,0.0013618708092,0.00142,55.6362615830508,1.933856549064,69.4566,2.4566,1.20836720146545,690.802252289142
"317","Core",257,"S0",5,2100.38249,"",3,NA,0.353066666666666,0.777100000000001,12.6334687706699,0.0020793786651,0.00142,84.9484801055963,2.952717704442,69.3313,2.3313,1.84463100500507,1112.03414795741
"318","Core",257,"S0",10,2122.4448,"",2.5,NA,0.3887,0.84615,23.7033861980283,0.002101220352,0.00142,85.8407745857882,2.98373289984,69.615375,2.115375,1.86485451844116,1236.93386096152
"319","Core",257,"S0",15,1769.46571,"",1.5,NA,0.293933333333333,0.894533333333333,47.6415094339623,0.0017517710529,0.00142,71.5647856421951,2.487514895118,69.8418,1.3418,1.55527793274339,1624.20905742307
"320","Core",257,"S0",20,1852.98195,"",2,NA,0.33395,0.82235,33.2846908994428,0.0018344521305,0.00142,74.9425407348564,2.60492202531,69.6447,1.6447,1.62817138716704,1388.76450276902
"321","Core",257,"Y0",1,2145.69102,"",3,NA,0.194,0.8662,22.3177441540578,0.0021242341098,0.00142,86.7809514662383,3.016412435916,69.5986,2.5986,1.88522886316879,1018.01864425671
"322","Core",257,"Y0",5,2383.05962,"",3,NA,0.21652,0.93688,26.512153759186,0.0023592290238,0.00142,96.3811561388612,3.350105213796,69.81064,2.81064,2.09449400754374,1044.41571306134
"323","Core",257,"Y0",10,2897.26762,"",3,NA,0.247133333333333,0.8503,25.891181988743,0.0028682949438,0.00142,117.177933995326,4.072978820196,69.5509,2.5509,2.54537844612817,1400.58714392799
"324","Core",257,"Y0",15,2834.06635,"",3,NA,0.1669,0.818733333333333,27.0123949280524,0.0028057256865,0.00142,114.621803455863,3.98413047483,69.4562,2.4562,2.48947602270654,1423.42469378592
"325","Core",257,"Y0",20,2751.08098,"",3,NA,0.184366666666666,0.779733333333334,36.8148395721925,0.0027235701702,0.00142,111.26551902383,3.867469641684,69.3392,2.3392,2.41612823862158,1451.57456314947
"326","Core",257,"Y1",1,2510.37618,"",3,NA,0.318166666666666,0.903966666666667,18.6381446574182,0.0024852724182,0.00142,101.530384108417,3.529086833844,69.7119,2.7119,2.20604529394371,1140.74168345116
"327","Core",257,"Y1",5,2442.31803,"",3,NA,0.453133333333333,0.803900000000001,12.3096166580826,0.0024178948497,0.00142,98.7778205021097,3.433410686574,69.4117,2.4117,2.14520706886398,1249.53613850172
"328","Core",257,"Y1",10,1678.76397,"",3,NA,0.4293,0.8231,15.9399906235349,0.0016619763303,0.00142,67.8964180983707,2.360006389026,69.4693,2.4693,1.47467622602806,838.648510817332
"329","Core",257,"Y1",15,544.27393,"",2.75,NA,0.282933333333333,0.6889,31.4498314149518,0.0005388311907,0.00142,22.0127730709656,0.765140290794,69.144475,1.894475,0.477857879311731,354.889096425225
"330","Core",257,"Y1",20,610.77485,"",2.75,NA,0.33852,0.78828,34.0358872116206,0.0006046671015,0.00142,24.7023556143927,0.85862728413,69.41777,2.16777,0.536478557930715,347.637550619038
"331","Core",270,"G1",1,1.49974,"",3,NA,1.19776666666667,0.307533333333333,2.78516445066482,1.4847426e-06,0.00142,0.0606559206049976,0.002108334492,67.9226,0.922599999999999,0.00131415528262627,2.01886446765051
"332","Core",270,"G1",5,1.28256,"",3,NA,1.17193333333333,0.2668,2.94428420481482,1.2697344e-06,0.00142,0.0518722295405508,0.001803022848,67.8004,0.8004,0.00112362980415456,1.99120922457326
"333","Core",270,"G1",10,1.59699,"",3,NA,1.19143333333333,0.316399999999999,2.93373087308732,1.5810201e-06,0.00142,0.0645891278801493,0.002245048542,67.9492,0.949199999999998,0.00139943083915305,2.08928022130282
"334","Core",270,"G1",15,1.4235,"",3,NA,1.1986,0.252,4.1180910844586,1.409265e-06,0.00142,0.0575724478784416,0.0020011563,67.756,0.756,0.00124701617783163,2.34029232331038
"335","Core",270,"G2",1,1.58044,"",3,NA,0.766066666666667,0.443566666666667,3.5476004233194,1.5646356e-06,0.00142,0.0639197748682854,0.002221782552,68.3307,1.3307,0.00138577580335165,1.47233149256279
"336","Core",270,"G2",5,1.4385,"",3,NA,1.25143333333333,0.448266666666666,3.89972899728996,1.424115e-06,0.00142,0.0581791122396475,0.0020222433,68.3448,1.3448,0.00126134719268279,1.32596681026111
"337","Core",270,"G2",10,1.67603,"",3,NA,0.877533333333333,0.395233333333333,4.43408629138281,1.6592697e-06,0.00142,0.067785844620797,0.002356162974,68.1857,1.1857,0.00146925025463221,1.75346089851286
"338","Core",270,"G2",15,1.28259,"",3,NA,1.2567,0.417966666666667,5.0692370350258,1.2697641e-06,0.00142,0.0518734428692732,0.001803065022,68.2539,1.2539,0.00112447377665055,1.26847374184093
"339","Core",270,"S0",1,3578.96431,"",3,NA,0.208766666666667,0.837266666666666,22.5516322451699,0.0035431746669,0.00142,144.748673126995,5.031308026998,69.5118,2.5118,3.14408257931102,1757.35178736294
"340","Core",270,"S0",5,2195.54109,"",3,NA,0.284566666666667,0.663266666666666,13.1660692951015,0.0021735856791,0.00142,88.7971021910797,3.086491664322,68.9898,1.9898,1.9271486531584,1363.90778654348
"341","Core",270,"S0",10,2496.43845,"",3,NA,0.353233333333333,0.7724,14.4712820561838,0.0024714740655,0.00142,100.966682503943,3.50949317301,69.3172,2.3172,2.19241202679083,1329.845708254
"342","Core",270,"S0",15,1928.25877,"",3,NA,0.327533333333333,0.716033333333334,15.3289949385394,0.0019089761823,0.00142,77.9870583294506,2.710746178866,69.1481,2.1481,1.69296919086254,1108.83794116636
"343","Core",270,"S0",20,2084.83244,"",3,NA,0.399533333333334,0.774733333333333,18.3883773967396,0.0020639841156,0.00142,84.319569362265,2.930857444152,69.3242,2.3242,1.83095358599214,1107.20657175499
"344","Core",270,"Y0",1,356.30832,"",3,NA,0.162433333333333,0.891933333333334,42.2511549769005,0.0003527452368,0.00142,14.4106372896769,0.500898236256,69.6758,2.6758,0.313095266398144,164.119409707689
"345","Core",270,"Y0",5,1099.37252,"",3,NA,0.155766666666667,0.6519,49.4064321174185,0.0010883787948,0.00142,44.4633418382093,1.545497888616,68.9557,1.9557,0.964927767749905,694.959466805947
"346","Core",270,"Y0",10,789.60343,"",2.5,NA,0.20104,0.89972,61.5943491422805,0.0007817073957,0.00142,31.9349506977968,1.110024501894,69.7493,2.2493,0.693921955908011,432.529889940983
"347","Core",270,"Y0",15,1307.01601,"",2.5,NA,0.1566,0.65204,62.557743739363,0.0012939458499,0.00142,52.8613355195039,1.837403106858,69.1301,1.6301,1.14749850877032,990.506704251615
"348","Core",270,"Y1",1,85.53171,"",3,NA,0.317833333333333,0.841166666666667,17.0215077123615,8.46763929e-05,0.00142,3.45926934733332,0.120240477918,69.5235,2.5235,0.0751401162548385,41.8012097727905
"349","Core",270,"Y1",5,226.56697,"",3,NA,0.321133333333333,0.8638,18.3342063907805,0.0002243013003,0.00142,9.16334040836069,0.318507846426,69.5914,2.5914,0.199062058182464,107.796147563277
"350","Core",270,"Y1",10,1.55063,"",3,NA,0.3654,0.887633333333333,20.3171364985163,1.5351237e-06,0.00142,0.0627141305611155,0.002179875654,69.6629,2.6629,0.00136254155783935,0.717735410529065
"351","Core",270,"Y1",15,1.75715,"",3,NA,0.246533333333334,0.546866666666666,32.3918679219539,1.7395785e-06,0.00142,0.0710666854861986,0.00247020147,68.6406,1.6406,0.00154148579134565,1.32592502188863
