site,doy,sedDepth,vial_mass,ch4_sedvol,sed_vol,wet_mass,dry_mass,transfertin_mass,rewet_dry_mass,ashed_mass,notes
S0,146,1,0.2584,3,3,,1.0963,0.932,1.7867,1.6299,"didn't take wet mass first week, calc from rewet tin"
S0,146,5,0.2678,3,3,,0.8921,0.9326,1.5722,1.4284,"didn't take wet mass first week, calc from rewet tin"
S0,146,10,0.2607,3,3,,1.1516,0.9354,1.84,1.676,"didn't take wet mass first week, calc from rewet tin"
S0,146,15,0.2505,3,3,,1.276,0.9392,1.9808,1.769,"didn't take wet mass first week, calc from rewet tin"
S0,146,20,0.241,3,3,,1.2092,0.9299,1.9096,1.7444,"didn't take wet mass first week, calc from rewet tin"
Y0,146,1,0.2436,3,3,,0.8763,0.936,1.5666,1.3961,"didn't take wet mass first week, calc from rewet tin"
Y0,146,5,0.2471,3,3,,0.7129,0.936,1.4046,1.2923,"didn't take wet mass first week, calc from rewet tin"
Y0,146,10,0.289,3,3,,0.8758,0.9322,1.5258,1.3854,"didn't take wet mass first week, calc from rewet tin"
Y0,146,15,0.2694,3,3,,0.6131,0.9291,1.2841,1.15,"didn't take wet mass first week, calc from rewet tin"
Y0,146,20,0.2575,3,3,,1.0668,0.9321,1.7483,1.5235,"didn't take wet mass first week, calc from rewet tin"
Y1,146,1,0.2525,3,3,,1.0676,0.932,1.7517,1.6147,"didn't take wet mass first week, calc from rewet tin"
Y1,146,5,0.2993,3,3,,1.1755,0.9325,1.8172,1.6663,"didn't take wet mass first week, calc from rewet tin"
Y1,146,15,0.2438,1.5,3,,0.8835,0.9329,1.5846,1.3839,"didn't take wet mass first week, calc from rewet tin"
Y1,146,20,0.2299,2,3,,1.3697,0.9337,2.0811,1.9295,"didn't take wet mass first week, calc from rewet tin"
G1,150,1,0.234,3,3,5.4079,4.47,0.9374,5.1664,5.1083,
G1,150,5,0.2696,3,3,5.4135,4.52,0.9351,5.1687,5.1321,
G1,150,10,0.2243,3,3,5.5536,4.58,0.9316,5.2793,5.2378,
G2,150,1,0.2733,3,3,5.7287,4.62,0.9351,5.2792,5.2241,
G2,150,5,0.2932,3,3,5.6711,4.51,0.9322,5.1455,5.0782,
G2,150,10,0.3483,3,3,4.8938,3.75,0.9367,4.3287,4.2994,
G2,150,15,0.3596,3,3,5.8181,4.55,0.9373,5.1094,5.0728,
CFL1,152,1,13.13,2,1,15.7,15.2,1.157,3.2217,3.1726,
CFL1,152,5,13.07,3,3,18.75,17.39,1.1628,5.4842,5.4239,
PB0,152,1,13.11,3,3,16.41,13.71,1.1841,1.7882,1.6708,
PB0,152,5,13.16,3,3,16.34,14.01,1.1751,2.0447,1.8934,
PB0,152,10,13.13,3,3,16.41,13.99,1.1965,2.0755,1.8997,
PB0,152,15,13.08,3,3,16.69,14.4,1.1788,2.5301,2.3445,
PB0,152,20,13.12,1.5,3,16.88,14.45,1.1779,2.5208,2.3192,
PB1,152,1,13.21,3,3,17.99,16.09,1.1714,4.0593,3.9713,
PB1,152,5,13.13,3,3,18.48,17.1,1.1582,5.132,,
PB1,152,10,13.18,2.5,3,18.79,17.51,1.1768,5.5154,5.386,
PB2,152,1,13.15,2.1,2.5,16.16,15.7,1.1916,3.7598,3.7467,
PB2,152,5,13.11,2.25,2,16.23,15.74,1.1769,3.8107,3.7864,
PB2,152,10,13.11,3,3,18.63,17.09,1.1768,5.1643,5.0405,
PB2,152,15,13.08,3,3,18.55,17.44,1.1663,5.5231,5.4611,
G1,159,1,13.12,2,3,18.785,16.9965,1.182,5.0585,5.0094,estimated dry_mass from rewet tin
G1,159,5,13.13,3,3,18.186,16.7177,1.1838,4.7715,4.721,estimated dry_mass from rewet tin
G1,159,10,13.08,3,3,18.316,16.9853,1.1766,5.0819,5.0356,estimated dry_mass from rewet tin
G1,159,15,13.18,3,3,18.104,16.8395,1.1802,4.8397,4.8016,estimated dry_mass from rewet tin
G1,159,20,13.25,3,3,18.319,17.1105,1.1511,5.0116,4.9598,estimated dry_mass from rewet tin
G2,159,1,13.11,2,2.5,16.424,15.4015,1.1663,3.4578,3.4262,estimated dry_mass from rewet tin
G2,159,5,13.16,3,2,16.756,15.8521,1.1598,3.8519,3.7974,estimated dry_mass from rewet tin
G2,159,10,13.18,3,3,17.759,16.7631,1.1936,4.7767,4.7296,estimated dry_mass from rewet tin
G2,159,15,13.12,3,3,18.037,16.9734,1.1469,5.0003,4.9575,estimated dry_mass from rewet tin
S0,159,1,13.13,3,2,14.794,13.5014,1.159,1.5304,1.4756,estimated dry_mass from rewet tin
S0,159,5,13.14,3,1.5,14.399,13.5142,1.1618,1.536,1.4835,estimated dry_mass from rewet tin
S0,159,10,13.12,2,3,16.323,14.1218,1.1725,2.1743,2.0417,estimated dry_mass from rewet tin
S0,159,15,13.19,1,1.5,14.636,13.4788,1.1783,1.4671,1.2898,estimated dry_mass from rewet tin
S0,159,20,13.11,1.5,2,15.183,13.4891,1.1607,1.5398,1.3092,estimated dry_mass from rewet tin
Y0,159,1,13.19,3,3,16.017,13.6078,1.1616,1.5794,1.4698,estimated dry_mass from rewet tin
Y0,159,5,13.12,3,2,15.219,13.497,1.1838,1.5608,1.4688,estimated dry_mass from rewet tin
Y0,159,10,13.2,3,3,16.053,13.7726,1.1846,1.7572,1.5907,estimated dry_mass from rewet tin
Y0,159,15,13.13,3,3,16.177,13.7659,1.1665,1.8024,1.6117,estimated dry_mass from rewet tin
Y0,159,20,13.15,3,3,16.58,13.9128,1.1699,1.9327,1.7401,estimated dry_mass from rewet tin
Y1,159,1,13.18,3,3,16.47,14.0366,1.1492,2.0058,1.8817,estimated dry_mass from rewet tin
Y1,159,5,13.15,3,3,16.594,14.1304,1.1847,2.1651,2.019,estimated dry_mass from rewet tin
Y1,159,10,13.13,2.5,3,16.671,14.3228,1.1778,2.3706,2.1941,estimated dry_mass from rewet tin
Y1,159,15,13.22,2,1.5,14.67,13.6163,1.1699,1.5662,1.4392,estimated dry_mass from rewet tin
Y1,159,20,13.26,2.5,2.5,15.752,14.0568,1.1819,1.9787,1.7305,estimated dry_mass from rewet tin
Y2,159,1,13.17,2,3,16.388,15.0852,1.1881,3.1033,3.0848,estimated dry_mass from rewet tin
Y2,159,5,13.2,3,2.5,17.253,16.2674,1.1884,4.2558,4.2403,estimated dry_mass from rewet tin
Y2,159,10,13.2,3,2.5,17.302,16.5145,1.175,4.4895,4.481,estimated dry_mass from rewet tin
CFL1,166,1,13.186,1.5,1.5,16.646,16.043,1.1805,4.0552,4.0297,
CFL1,166,5,13.178,2.5,2,16.936,16.352,1.193,4.3331,4.3074,
CFL2,166,1,13.211,2,2,17.148,16.297,1.1777,4.2672,4.2229,
CFL2,166,5,13.137,2,1,15.813,15.404,1.1804,3.4504,3.4394,
PB0,166,1,13.175,3,3,16.807,14.011,1.2125,2.0682,1.9388,
PB0,166,5,13.204,3,3,16.638,13.91,1.1621,1.8849,1.7669,
PB0,166,10,13.159,3,3,16.419,14.121,1.1682,2.1477,2.0151,
PB0,166,15,13.192,3,3,17.031,14.347,1.1707,2.3489,2.1636,
PB0,166,20,13.165,3,3,16.263,14.063,1.1655,2.0808,1.8998,
PB1,166,1,13.133,3,3,17.407,15.481,1.1732,3.5321,3.4567,
PB1,166,5,13.115,3,3,17.25,15.399,1.17,3.4712,3.3635,
PB1,166,10,13.239,3,2.75,16.733,14.449,1.1634,2.3892,2.2603,
PB1,166,15,13.197,3,3,17.324,15.062,1.1725,3.0592,2.9187,
PB1,166,20,13.289,2.5,3,17.248,15.027,1.1577,2.9199,2.744,
PB2,166,1,13.248,3,1.5,16.936,14.756,1.1793,2.6896,2.6407,
PB2,166,5,13.164,2.5,2.5,16.325,15.489,1.1667,3.4989,3.4557,
PB2,166,10,13.197,1.5,3,18.769,17.84,1.1758,5.8101,5.7856,
G1,173,1,13.218,2,2.5,16.97,16.117,1.1679,4.0702,4.0017,
G1,173,5,13.169,3,2.5,17.777,16.758,1.1687,4.744,4.6768,
G1,173,10,13.14,2.75,2,18.147,17.066,1.1955,5.1233,5.0562,
G2,173,1,13.153,2,2.5,16.173,15.521,0.9312,3.3015,3.2565,
G2,173,5,13.227,2,2.5,17.348,16.45,0.9285,4.1527,4.1043,
G2,173,10,13.163,2.5,3,17.749,16.776,0.9307,4.5392,4.463,
S0,173,1,13.147,3,3,16.369,13.773,1.1561,1.786,1.6691,
S0,173,5,13.224,3,3,16.565,14.074,1.1891,2.0431,1.9241,
S0,173,10,13.137,3,3,16.468,14.054,1.1691,2.0898,1.9517,
S0,173,15,13.16,3,3,16.971,14.421,1.1733,2.4384,2.2759,
S0,173,20,13.242,3,3,16.681,14.392,1.1725,2.3275,2.1743,
Y0,173,1,13.196,2.5,3,16.709,13.787,1.1791,1.7689,1.5783,
Y0,173,5,13.272,3,3,16.8,13.952,1.1498,1.8242,1.6078,
Y0,173,10,13.161,3,3,16.688,13.893,1.1819,1.9108,1.6838,
Y0,173,15,13.151,3,3,16.711,14.054,1.1584,2.055,1.8136,
Y0,173,20,13.219,3,3,16.761,14.066,0.9298,1.7701,1.4897,
Y1,173,1,13.229,3,2.5,15.419,13.856,1.1487,1.7781,1.6748,
Y1,173,5,13.221,3,3,16.718,14.332,0.9298,2.0428,1.893,
Y1,173,10,13.145,3,3,16.33,14.34,0.9307,2.1294,1.9615,
Y1,173,15,13.169,1.5,2,16.178,14.283,0.9291,2.0483,1.7913,
Y1,173,20,13.138,2.5,2,14.856,13.792,0.929,1.5846,1.4269,
Y2,173,1,13.173,3,2.5,16.686,15.482,1.1607,3.4714,3.4269,
Y2,173,5,13.134,3,2,16.541,15.726,1.1679,3.7616,3.7208,
Y2,173,10,13.214,1.5,1.5,16.122,15.509,1.1496,3.4388,3.4134,
Y2,173,15,13.135,3,3,17.07,16.119,1.1808,4.1672,4.1272,
Y2,173,20,13.157,3,2.5,15.458,14.139,1.1463,2.1303,2.0893,
CFL1,183,1,13.267,2.5,2.5,18.01,17.197,0.9291,4.8928,4.8448,
CFL1,183,5,13.196,3,3,18.091,17.202,0.9289,4.9344,4.8433,
CFL2,183,1,13.232,2,2,16.941,16.274,0.9278,4.0097,3.9753,
PB0,183,1,13.225,2.5,1.5,14.892,13.413,0.9318,1.1837,1.1285,
PB0,183,5,13.218,1.5,2,15.69,13.802,0.9335,1.5783,1.4793,
PB0,183,10,13.197,1.5,1.5,14.925,13.704,0.9247,1.4359,1.363,
PB0,183,15,13.177,2,2.5,15.255,13.975,0.9309,1.7268,1.6424,
PB0,183,20,13.301,2.5,2,15.611,14.589,0.9269,2.225,2.1416,
PB1,183,1,13.219,3,1.5,15.347,14.386,0.9321,2.1308,2.0558,
PB1,183,5,13.295,2,2,15.911,14.541,0.9311,2.2425,2.1263,
PB1,183,10,13.243,2,1.5,15.268,14.186,0.9341,1.8877,1.785,
PB1,183,15,13.214,2,1.5,14.719,13.889,0.9309,1.6112,1.5407,
PB1,183,20,13.172,2,2,16.002,14.422,0.9315,2.2054,2.0781,
PB2,183,1,13.222,1.5,1.5,15.471,14.679,0.9299,2.4358,2.3878,
PB2,183,5,13.295,1.5,2.5,16.744,15.868,0.9217,3.5419,3.4768,
PB2,183,10,13.174,1.5,2,17.333,16.482,0.9259,4.2513,4.2121,
G1,187,0,13.136,2,2,17.186,16.213,0.9275,3.989,3.988,
G1,187,5,13.122,2.5,2.5,16.069,15.322,0.9256,3.0862,3.0235,
G1,187,10,13.094,1.5,2,16.479,15.682,0.9252,3.5171,3.4498,
S0,187,1,13.185,1.5,1.5,14.714,13.604,0.9259,1.35,1.2855,
S0,187,5,13.118,2,1.5,14.457,13.504,0.922,1.3124,1.2482,
S0,187,10,13.101,2,2,14.534,13.566,0.9286,1.3937,1.3245,
S0,187,15,13.134,2,1.5,14.658,13.572,0.9287,1.3677,1.3038,
S0,187,20,13.192,2,1.5,14.656,13.754,0.9232,1.4885,1.4175,
Y0,187,1,13.097,1.5,1.5,14.272,13.308,0.9277,1.1404,1.0761,
Y0,187,5,13.153,1,1.5,14.443,13.382,0.932,1.1642,1.086,
Y0,187,10,13.111,1.5,1.5,14.341,13.348,0.9285,1.1716,1.0882,
Y0,187,15,13.113,1.5,2,14.909,13.549,0.9279,1.3701,1.2299,
Y0,187,20,13.18,1.5,1.5,14.253,13.46,0.9267,1.2113,1.1344,
Y1,187,1,13.107,1.5,1.5,14.849,13.556,0.9283,1.3813,1.2972,
Y1,187,5,13.194,1.5,2,16.754,14.266,0.9236,2.0068,1.8306,
Y1,187,10,13.059,2,2,14.615,13.422,0.927,1.299,1.0686,
Y2,187,1,13.111,1.5,1.5,15.542,14.934,0.9278,2.7554,2.7206,
Y2,187,5,13.126,2,1.5,16.087,15.375,0.9314,3.1798,3.1447,
Y2,187,10,13.222,1.5,2,18.861,17.791,0.9238,5.4932,5.4588,
Y2,187,15,13.238,1.5,1.5,16.614,15.815,0.9247,3.5024,3.3888,
CFL1,197,1,13.132,2.5,2,18.116,17.0669,2.5009,6.426,6.3205,
CFL1,197,5,13.251,3,2.5,17.24,16.19,2.502,5.429,5.3292,
CFL2,197,1,13.157,2.5,1.5,15.266,14.5842,2.4749,3.885,3.8157,
PB0,197,1,13.244,3,3,17.049,13.898,2.5,3.325,3.1367,
PB0,197,5,13.16,3,3,16.379,13.927,2.495,3.21,3.024,
PB0,197,10,13.135,3,3,16.44,14.047,2.479,3.36,3.1528,
PB0,197,15,13.206,3,3,17.013,14.387,2.494,3.663,3.398,
PB0,197,20,13.228,3,3,16.724,14.637,2.486,3.859,3.6129,
PB1,197,1,13.187,3,3,17.764,15.4195,2.5011,4.704,4.5732,
PB1,197,5,13.162,3,3,18.534,17.1068,2.4936,6.417,6.3222,
PB1,197,10,13.204,3,3,17.265,15.645,5.5016,4.8231,4.6758,
PB1,197,15,13.147,3,3,16.462,14.6661,2.4582,3.976,3.7811,
PB1,197,20,13.118,3,3,17.006,13.152,2.481,4.109,3.8789,
PB2,197,1,13.121,2.5,3,17.21,15.2548,2.4915,4.587,4.4777,
PB2,197,5,13.191,2.5,2,16.772,15.6628,2.4963,4.96,4.8438,
PB2,197,10,13.158,2.5,1.5,15.951,15.4101,2.4807,4.726,4.6611,
S0,201,1,13.198,3,2.5,15.738,13.6931,2.509,2.9759,2.8345,
S0,201,5,13.172,3,3,16.613,14.0278,2.4822,3.3214,3.125,
S0,201,10,13.175,3,3,16.056,14.2362,2.4954,3.5246,3.3342,
S0,201,15,13.24,3,3,16.751,14.825,2.4848,4.0808,3.8599,
S0,201,20,13.289,2.5,2,15.874,14.7588,2.4972,3.9594,3.7596,
G1,203,1,13.214,3,2.5,18.183,16.987,2.5068,6.214,6.0443,
G1,203,5,13.148,3,2.5,17.888,16.8352,2.4563,6.122,5.9964,
G1,203,10,13.163,3,3,18.755,17.6082,2.5044,6.94,6.7795,
G2,203,1,13.176,3,2,16.646,15.4233,2.4612,4.649,4.5634,
G2,203,5,13.251,3,3,17.946,16.5643,2.4821,5.572,5.4715,
Y0,203,1,13.244,3,3,16.592,13.6581,2.4866,2.798,2.6579,
Y0,203,5,13.204,3,3,16.593,13.7672,2.4801,3.03,2.8366,
Y0,203,10,13.212,3,3,16.658,13.9267,2.5022,3.174,2.9665,
Y0,203,15,13.217,3,3,16.92,14.025,2.4721,3.27,2.9883,
Y0,203,20,13.166,3,3,16.388,14.0432,2.4908,3.352,3.0962,
Y1,203,1,13.27,3,3,16.996,14.2092,2.4815,3.385,3.1759,
Y1,203,5,13.176,3,3,16.917,14.2364,2.4898,3.541,3.3221,
Y1,203,10,13.182,3,3,17.076,14.3483,2.4592,3.594,3.3487,
Y1,203,15,13.204,3,2.5,15.917,14.0423,2.482,3.312,2.9326,
Y2,203,1,13.255,2.5,2.5,18.374,17.287,2.4829,6.504,6.4217,
Y2,203,5,13.305,3,3,18.096,17.1905,2.4875,6.369,6.2382,
Y2,203,10,13.187,2.5,2,17.152,16.2325,2.5012,5.521,5.4175,
Y2,203,15,13.152,2.5,2.5,17.826,16.8558,2.4933,6.178,6.1106,
Y2,203,20,13.193,3,3,18.226,17.123,2.4835,6.388,6.2287,
PB0,208,1,13.115,3,3,15.944,13.6087,2.5119,2.9906,2.8458,
PB0,208,5,13.087,3,3,16.556,13.7979,2.5149,3.1943,3.0162,
PB0,208,10,13.231,2.5,3,16.873,14.2046,2.4745,3.4428,3.2249,
PB0,208,15,13.173,2.5,3,16.677,14.1277,2.501,3.4441,3.2135,
PB0,208,20,13.116,2,3,16.446,14.1766,2.486,3.5288,3.3157,
PB1,208,1,13.118,2,3,15.8702,13.8922,2.4816,3.2522,3.0662,
PB1,208,5,13.167,3,3,16.9837,14.3657,2.5119,3.7029,3.4627,
PB1,208,10,13.079,3,3,17.0676,14.5278,2.4763,3.9113,3.6809,
PB1,208,15,13.11,3,3,16.8934,14.4,2.471,3.7562,3.5417,
PB1,208,20,13.091,3,3,16.5562,14.1014,2.4711,3.4775,3.2687,
PB2,208,1,13.192,3,2.5,16.0704,14.1325,2.4446,3.3577,3.2338,
PB2,208,5,13.096,3,3,17.176,15.089,2.4855,4.45,4.3256,
PB2,208,10,13.067,2.5,3,18.0793,16.3344,2.4874,5.7148,5.5873,
PB2,208,15,13.176,3,3,18.5114,17.0179,2.4886,6.2989,6.1744,
G1,215,1,13.039,3,2.5,16.878,15.931,2.5807,5.4737,5.282,
G1,215,5,13.049,3,2,17.31,16.368,2.5781,5.898,5.6776,
G1,215,10,13.089,3,3,18.914,17.639,2.5975,7.1471,6.8636,
G2,215,1,13.223,3,3,17.967,16.013,2.5773,5.5084,5.3861,
G2,215,5,13.246,3,3,18.971,17.493,2.5521,6.9765,6.8521,
G2,215,10,13.306,3,3,19.072,17.846,2.5934,7.3146,7.0621,
S0,215,1,13.202,3,3,16.877,13.965,2.5887,3.4946,3.2946,
S0,215,5,13.222,3,3,16.797,14.137,2.574,3.6187,3.4146,
S0,215,10,13.156,3,3,17.087,14.593,2.5873,4.1008,3.8894,
S0,215,15,13.101,1.5,3,16.473,14.597,2.5858,4.1674,3.9772,
S0,215,20,13.256,3,3,16.94,14.538,2.5933,4.0076,3.709,
Y0,215,1,13.195,3,3,16.338,13.506,2.5204,3.2942,2.7873,
Y0,215,5,13.175,3,2.5,16.482,13.674,2.4698,3.0978,2.8924,
Y0,215,10,13.267,2.5,3,15.738,13.624,2.4178,2.8865,2.7151,
Y0,215,15,13.331,3,3,16.952,13.998,2.4824,3.3833,3.1043,
Y0,215,20,13.139,3,3,16.493,13.921,2.4444,2.9726,3.0322,
Y1,215,1,13.214,3,3,16.665,13.691,2.5712,3.1689,2.9671,
Y1,215,5,13.161,3,3,17.031,14.248,2.5548,3.6504,3.4008,
Y1,215,10,13.126,3,3,16.918,14.097,2.5757,3.5933,3.3731,
Y1,215,15,13.083,3,3,16.634,14.186,2.5581,3.6648,3.3726,
Y1,215,20,13.272,2.5,3,16.835,14.321,2.5603,3.7629,3.4676,
Y2,215,1,13.055,3,3,17.471,15.966,2.5608,5.4733,5.3286,
Y2,215,5,13.117,3,3,18.815,17.567,2.5942,7.0473,6.8849,
Y2,215,10,13.011,3,3,18.854,17.658,2.5924,7.239,7.0999,
Y2,215,15,13.143,3,3,18.519,17.382,2.5799,6.8177,6.6811,
CFL1,223,1,13.174,2,2,16.113,15.419,1.079,3.3273,3.2784,
CFL1,223,5,13.154,1.5,2,16.995,16.401,1.0707,4.3184,3.6541,
CFL2,223,1,13.177,3,3,18.818,16.51,1.0905,5.731,5.6562,
CFL2,223,5,13.155,2.5,2,18.114,17.814,1.0855,4.4414,4.3306,
PB0,223,1,13.155,3,3,16.505,14.089,1.0967,1.7736,1.6891,
PB0,223,5,13.26,3,3,16.799,14.313,1.0816,2.0475,1.9472,
PB0,223,10,13.226,3,3,16.704,14.477,1.0874,2.3566,2.0753,
PB0,223,15,13.217,3,3,16.321,13.902,1.0781,2.1512,1.856,
PB0,223,20,13.247,2.5,2.5,17.715,16.893,1.1043,4.756,3.8825,
PB1,223,1,13.157,3,3,17.222,14.659,1.0972,2.6147,2.4767,
PB1,223,5,13.228,3,3,17.336,14.931,1.0908,2.8108,2.1566,
PB1,223,10,13.24,2.5,3,17.43,15.779,1.0966,3.6437,3.5268,
PB1,223,15,13.117,3,3,16.218,14.144,1.0892,2.1319,1.9769,
PB1,223,20,13.151,3,3,18.104,17.222,1.0887,5.1628,4.364,
PB2,223,1,13.17,3,3,16.969,14.086,1.0944,2.0084,1.881,
PB2,223,5,13.141,3,3,18.351,16.234,1.0802,4.1782,4.1035,
PB2,223,10,13.115,3,2.5,16.038,15.067,1.0726,3.0354,2.9082,
PB2,223,15,13.141,3,3,18.9,17.876,1.0743,5.8149,5.7657,
G1,229,1,13.195,3,3,18.835,17.6697,1.078,5.5024,5.4432,
G1,229,5,13.133,3,3,18.387,17.3279,1.1108,5.2825,4.806,
G1,229,10,13.067,3,2.5,17.552,16.5549,1.0858,4.565,4.5137,
G1,229,15,13.166,3,3,18.385,17.3338,1.0931,5.2154,5.1634,
G1,229,20,13.139,3,3,18.968,17.7485,1.0884,5.6683,5.6023,
G2,229,1,13.159,3,3,17.9,16.0418,1.0963,3.9473,3.9053,
G2,229,5,13.12,3,2,18.785,17.57,1.0978,5.5349,5.476,
G2,229,10,13.074,3,1.5,16.608,15.9075,1.1016,3.9029,3.8306,
S0,229,1,13.152,3,2.5,15.451,13.4574,1.0903,1.3541,1.305,
S0,229,5,13.135,3,3,16.367,13.7554,1.0986,1.2118,1.1879,
S0,229,10,13.113,3,3,16.626,14.1248,1.0978,2.1099,1.9468,
S0,229,15,13.141,2.5,3,16.656,14.2414,1.0763,2.1769,2.0142,
S0,229,20,13.199,3,3,16.035,14.103,1.0913,1.9954,1.8609,
Y0,229,1,13.133,2.5,3,16.495,13.5704,1.0896,1.4814,1.3633,
Y0,229,5,13.087,3,3,16.59,13.6835,1.1157,1.7171,1.5505,
Y0,229,10,13.149,3,3,16.391,13.7579,1.0979,1.716,1.8908,
Y0,229,15,13.115,3,3,16.46,13.8052,1.0969,1.7928,1.553,
Y0,229,20,13.158,3,3,16.174,13.9152,1.0953,1.8651,1.6337,
Y1,229,1,13.187,3,3,16.871,14.0737,1.0895,1.9424,1.8029,
Y1,229,5,13.156,3,3,16.852,14.1461,1.1063,2.082,1.924,
Y1,229,10,13.099,3,3,16.969,14.4179,1.0899,2.4181,2.2176,
Y1,229,15,13.119,2.5,2.5,15.386,13.648,1.0848,1.6188,1.3293,
Y1,229,20,13.175,2,2.5,15.811,13.9443,1.0923,1.8692,1.6233,
Y2,229,1,13.114,3,3,17.897,15.709,1.0918,3.6704,3.6032,
Y2,229,5,13.195,3,3,18.358,16.5414,1.0965,4.4381,4.3876,
Y2,229,10,13.131,3,3,19.404,18.1392,1.092,6.0808,6.0314,
Y2,229,15,13.247,3,2.5,17.899,16.0453,1.1075,3.8559,3.6931,
Y2,229,20,13.222,3,3,17.23,15.4302,1.0952,3.3188,3.0869,
CFL1,237,1,13.126,3,3,18.74,17.7689,1.0949,5.7347,5.6897,
CFL1,237,5,13.039,3,3,18.907,17.9869,1.0869,6.0289,5.9463,
CFL1,237,10,13.117,3,3,18.028,17.1148,1.0905,5.06,5.0284,
CFL1,237,15,13.145,3,3,18.815,17.7087,1.0765,5.6031,5.5579,
CFL2,237,1,13.101,3,3,18.282,17.4329,1.0871,5.3774,5.3302,
CFL2,237,5,13.078,3,3,17.893,17.1956,1.085,5.1984,5.1135,
CFL2,237,10,13.117,3,3,18.61,17.7062,1.0751,5.6366,5.5603,
CFL2,237,15,13.187,3,3,18.658,17.7764,1.0777,5.6617,5.6171,
PB0,237,1,13.116,3,3,16.744,13.9,1.1022,1.8449,1.7222,
PB0,237,5,13.132,3,3,16.64,13.7379,1.0843,1.6809,1.5774,
PB0,237,10,13.065,3,3,16.115,13.6723,1.1065,1.7128,1.6052,
PB0,237,15,13.214,3,3,16.788,14.2463,1.0805,2.1155,1.9567,
PB0,237,20,13.196,3,3,16.533,14.2349,1.0785,2.1182,1.9451,
PB1,237,1,13.113,3,3,17.991,16.24,1.0869,4.1848,4.1385,
PB1,237,5,13.098,3,3,17.08,15.1122,1.0742,3.0761,2.9961,
PB1,237,10,13.074,3,3,16.26,14.5058,1.0878,2.4992,2.3768,
PB1,237,15,13.169,3,3,17.327,15.137,1.101,3.058,2.9498,
PB1,237,20,13.096,3,3,17.17,15.1266,1.0895,3.11,2.9493,
PB2,237,1,13.152,3,3,17.463,16.1938,1.0938,3.0193,2.9238,
PB2,237,5,13.156,3,3,17.384,16.3382,1.0792,4.2308,4.2052,
PB2,237,10,13.099,3,2.5,17.246,15.0694,1.0808,4.1073,4.0883,
S0,243,1,13.017,3,2,15.627,13.4233,1.0721,1.2237,1.1969,
S0,243,5,13.0295,2.5,3,16.442,13.7986,1.0804,1.7932,1.6637,
S0,243,10,13.038,3,3,16.676,14.1511,1.0828,2.1408,1.9794,
S0,243,15,13.0236,3,3,16.754,14.2375,1.0828,2.2319,2.053,
S0,243,20,13.1191,3,3,16.489,14.1409,1.0928,2.0619,1.9022,
Y0,243,1,13.0467,3,3,16.478,13.539,1.0791,1.5135,1.3875,
Y0,243,5,12.985,3,3,16.456,13.563,1.084,1.6126,1.4464,
Y0,243,10,13.005,3,2.5,16.45,13.6777,1.0854,1.6913,1.5228,
Y0,243,15,13.103,3,3,16.629,13.8663,1.0799,1.7752,1.5275,
Y0,243,20,13.051,3,3,16.568,13.8631,1.085,1.8286,1.5611,
Y1,243,1,12.9771,3,3,16.964,14.0776,1.0782,2.0425,1.8588,
Y1,243,5,13.1488,3,3,17.07,14.4712,1.0717,2.1856,1.9507,
Y1,243,10,13.0463,3,3,17.065,14.4752,1.0817,2.4503,2.1672,
Y1,243,15,13.0041,3,2.5,16.099,13.9518,1.075,1.9244,1.556,
Y2,243,1,13.0563,2.5,3,18.49,16.9964,1.0763,4.8737,4.7552,
Y2,243,5,13.0065,3,3,18.358,17.008,1.0865,5.0683,4.9565,
Y2,243,10,13.087,3,3,18.926,17.808,1.0749,5.6699,5.5629,
Y2,243,15,13.0166,3,3,18.269,17.132,1.077,5.063,4.9393,
G1,243,1,12.9968,3,3,18.376,16.9841,1.0871,4.9263,4.7512,
G1,243,5,13.0638,3,3,18.668,17.4113,1.0738,5.3123,5.1327,
G1,243,10,13.1004,3,3,18.517,17.4301,1.0813,5.285,5.1312,
G1,243,15,13.04,3,3,18.903,17.8232,1.1032,5.6033,5.4275,
S0,257,1,13.1036,3,3,16.416,13.9594,1.0691,1.8991,1.7711,
S0,257,5,13.1835,3,3,16.574,14.2427,1.0839,2.1422,2.0085,
S0,257,10,13.2903,2.5,2,15.76,14.0677,1.0706,2.0038,1.7826,
S0,257,15,13.1483,1.5,1.5,14.931,13.5892,1.0873,1.5537,1.3315,
S0,257,20,13.2354,2,2,15.548,13.9033,1.0882,1.842,1.5911,
Y0,257,1,13.0294,3,3,16.21,13.6114,1.0674,1.649,1.5192,
Y0,257,5,13.0945,3,2.5,15.978,13.6358,1.0805,1.6112,1.4705,
Y0,257,10,13.1057,3,3,16.398,13.8471,1.077,1.8232,1.63,
Y0,257,15,13.3181,3,3,16.275,13.8188,1.0813,1.7832,1.5936,
Y0,257,20,13.1317,3,3,16.024,13.6848,1.0765,1.6749,1.4546,
Y1,257,1,13.0816,3,3,16.748,14.0361,1.0766,2.0209,1.8449,
Y1,257,5,13.1719,3,3,16.943,14.5313,1.084,2.4431,2.2758,
Y1,257,10,13.1998,3,3,16.957,14.4877,1.0847,2.3645,2.1605,
Y1,257,15,13.2155,2.75,3,16.131,14.0643,1.0696,1.9297,1.6592,
Y1,257,20,13.308,2.75,2.5,16.125,14.1543,1.0802,2.1335,1.775,
G1,257,1,13.0572,2.5,3,18.21,16.446,1.1031,4.3978,4.3454,
G1,257,5,13.1548,1.75,2.5,17.341,16.1377,1.0849,4.0876,4.0414,
G1,257,10,13.1846,3,2.5,18.037,16.7975,1.0886,4.6667,4.6123,
G1,257,15,13.1872,2.5,2.75,16.946,15.8224,1.0897,3.7845,3.7161,
G1,257,20,13.0883,3,2.25,17.427,16.4955,1.0756,4.4649,4.4176,
G2,257,1,13.0979,2.5,2.5,17.313,15.9845,1.085,3.94,3.8723,
G2,257,5,13.2541,3,3,18.091,16.6782,130931,4.583,4.5145,
G2,257,10,13.0096,3,3,17.975,16.6532,1.081,4.6235,4.5577,
G2,257,15,13.1063,2.75,3,18.804,17.5296,1.1023,5.4706,5.3952,
S0,270,1,13.1059,3,3,16.244,13.7322,1.0727,1.6731,1.5377,
S0,270,5,13.1095,3,3,15.953,13.9632,1.0686,1.9056,1.7954,
S0,270,10,13.1111,3,3,16.488,14.1708,1.07339,2.1196,1.9682,
S0,270,15,13.1433,3,3,16.274,14.1259,1.0675,2.0356,1.8872,
S0,270,20,13.0522,3,3,16.575,14.2508,1.0689,2.2528,2.0351,
Y0,270,1,13.0809,3,3,16.244,13.5682,1.0672,1.5434,1.3422,
Y0,270,5,13.127,3,3,15.55,13.5943,1.0721,1.5354,1.3065,
Y0,270,10,13.1141,2.5,2.5,15.866,13.6167,1.0882,1.5837,1.2785,
Y0,270,15,13.0854,2.5,2.5,15.107,13.4769,1.0687,1.48,1.2227,
Y1,270,1,13.128,3,3,16.605,14.0815,1.0824,2.003,1.8463,
Y1,270,5,13.0732,3,3,16.628,14.0366,1.0826,2.0371,1.8621,
Y1,270,10,13.2229,3,3,16.982,14.3191,1.0706,2.149,1.9299,
Y1,270,15,13.1268,3,3,15.507,13.8664,1.0762,1.8091,1.5717,
G1,270,1,13.1661,3,3,17.682,16.7594,1.079,4.6515,4.552,
G1,270,5,13.1228,3,3,17.439,16.6386,1.087,4.5887,4.4856,
G1,270,10,13.0945,3,3,17.618,16.6688,1.0831,4.6383,4.534,
G1,270,15,13.0582,3,3,17.41,16.654,1.0726,4.6495,4.5022,
G2,270,1,13.1131,3,3,16.742,15.4113,1.0656,3.2389,3.1618,
G2,270,5,13.1019,3,3,18.201,16.8562,1.0795,4.7695,4.6256,
G2,270,10,13.1807,3,3,16.999,15.8133,1.0903,3.6004,3.4891,
G2,270,15,13.102,3,3,18.126,16.8721,1.0769,4.7599,4.5732,
